i,j,gamma_hat,gamma_true,abs_error,auc,is_true
0,1,0.009454700444976868,,,0.7686718545929261,False
0,2,0.017836667434472937,,,0.7686896353775189,False
0,3,-0.031095470085075835,,,0.7687973579044217,False
0,4,-0.011250639463731343,,,0.7687280685070013,False
0,5,0.0048433130198832705,,,0.7686901165719526,False
0,6,0.023349800694385456,,,0.7687067008730883,False
0,7,0.016882403404947885,,,0.768668977830527,False
0,8,0.009514171154124194,,,0.7686866493709781,False
0,9,0.0008953831820549159,,,0.7686935369540093,False
0,10,0.0029788609364190793,,,0.7686871981927377,False
0,11,0.018787185611474307,,,0.768686319037502,False
0,12,-0.01983101707126992,,,0.7687501566320396,False
0,13,-0.003037399096337031,-0.0097199047141225,0.0066825056177854695,0.7687022712832461,True
0,14,0.009614565583683508,,,0.7686708063693757,False
0,15,0.014998375679098322,,,0.7686795302944084,False
0,16,-0.013579499938600982,,,0.7687287499823616,False
0,17,-0.012289209631540494,-0.104659913426238,0.0923707037946975,0.7687078453355255,True
0,18,0.00609213556729969,,,0.7686987806728125,False
0,19,0.023621388475106142,,,0.7686909697166786,False
0,20,-0.012942998761129216,,,0.7687243932219473,False
0,21,0.0038351076803154957,,,0.7686895885586009,False
0,22,0.012901028123305465,,,0.7686922026148497,False
0,23,0.030152687452006156,0.1074620508919647,0.07730936343995855,0.7686525001724822,True
0,24,0.001752017939493286,,,0.7686905873621827,False
0,25,0.0006538355951760059,,,0.7686951131909114,False
0,26,0.0035311720845781673,,,0.7686855101106428,False
0,27,0.05794733792487142,0.1871872446017815,0.12923990667691007,0.7688174796349087,True
0,28,0.018215345055051485,,,0.7686841185483612,False
0,29,0.02993758282419497,0.0969158801273341,0.06697829730313913,0.7686555902210627,True
0,30,-0.02249754236902031,,,0.7687289034443702,False
0,31,0.01251392035523375,,,0.7686764116342669,False
0,32,0.03290075395867277,,,0.7686770332854544,False
0,33,-0.03729933546759803,-0.0885293794209649,0.05123004395336686,0.7687392218136622,True
0,34,-0.08332625402932263,-0.3170288771540651,0.23370262312474244,0.7690338350565621,True
0,35,-0.004711520920798147,,,0.7687043495229899,False
0,36,0.010457046599746146,,,0.7686701378992702,False
0,37,0.03284030353899961,,,0.7686929621217397,False
0,38,0.009601040711570549,,,0.7687051428435431,False
0,39,-0.006694685814470941,,,0.7687052650929398,False
0,40,0.011978540903696405,,,0.7686910737587184,False
0,41,-0.02683745568615457,,,0.7687047422816901,False
0,42,0.01757186125073097,,,0.768676479261593,False
0,43,0.009605337476121027,,,0.7686829896922301,False
0,44,0.009030361131346278,,,0.7687125532378241,False
0,45,0.006138112940182064,,,0.7686950351593818,False
0,46,-0.008180764795848882,,,0.768719563070252,False
0,47,-0.002972811520113406,,,0.768702258277991,False
0,48,0.04729998483507566,0.1630040565280088,0.11570407169293315,0.7687368756656658,True
0,49,0.031374911112906925,,,0.7686742943787581,False
0,50,0.027205671580858872,,,0.7686786251286627,False
0,51,0.0001679180570966117,,,0.7686950091488717,False
0,52,-0.006962128112968823,0.0068718301312364,0.013833958244205222,0.7687199506268501,True
0,53,0.0071514836583500335,,,0.7686881241668915,False
0,54,-0.0018023687065043797,,,0.7687014675584889,False
0,55,-0.00908549314192398,,,0.7687102435045416,False
0,56,0.0008699231130980265,,,0.768692397693674,False
0,57,-0.019055219720208013,,,0.7687100302183602,False
0,58,-0.014797373169038178,,,0.7687267653804535,False
0,59,-0.006204462036993784,,,0.7687062274818074,False
0,60,-0.007749677026250041,,,0.7687186657076591,False
0,61,0.009120622481372718,,,0.7686897290153546,False
0,62,0.015373135726112878,,,0.7686851485645547,False
0,63,-0.004341494773047905,,,0.7687123243453365,False
0,64,-0.011809490952460196,,,0.7686992332556855,False
0,65,0.017365307040224515,,,0.7686763310016863,False
0,66,0.007296638304885365,,,0.7686849872993932,False
0,67,-0.005322400919670546,,,0.768707629448293,False
0,68,-0.0002323375680596297,,,0.768695290062379,False
0,69,0.010661906341905985,,,0.7686956203958553,False
0,70,0.02563777718093602,-0.01184335371063,0.03748113089156602,0.7687485673898824,True
0,71,0.010556984618296801,,,0.7686781725457897,False
0,72,0.020639500949450044,0.0411434311444527,0.020503930195002656,0.7686654846190426,True
0,73,0.019401169981305484,,,0.7686734048193183,False
0,74,-0.014832461463868504,,,0.7687321729654691,False
0,75,0.01099999180416604,,,0.7687053665339286,False
0,76,0.01078668677773128,,,0.7686838038211911,False
0,77,-0.026754529490880842,,,0.7687326463567501,False
0,78,0.018228110333976914,,,0.7686600926403327,False
0,79,0.01322782757641893,,,0.7686901659919214,False
0,80,0.006359569765201937,,,0.7686875493346219,False
0,81,0.0016771938886755537,,,0.7686935291508564,False
0,82,-0.006924924177830683,,,0.7686970951917687,False
0,83,-0.013685942112851554,,,0.7687168111583006,False
0,84,0.0029814259359544817,,,0.7686852343992375,False
0,85,0.018814062054184833,,,0.7686478182806937,False
0,86,-0.008697196596912668,,,0.7686991760325637,False
0,87,-0.0002448706513323712,,,0.76869573744315,False
0,88,-0.01354049108665752,,,0.7687097545069549,False
0,89,0.0023407591392531173,-0.0516490850434369,0.05398984418269001,0.7686887042012631,True
0,90,0.015169561782969295,,,0.7686885429361014,False
0,91,-0.013665870738245874,,,0.7687302898045498,False
0,92,0.010490808190848265,,,0.7686719612360169,False
0,93,-0.002426388694676822,,,0.7687010435871772,False
0,94,0.004110094309974171,,,0.7686853774570422,False
0,95,0.017429699731921277,,,0.7686670634569958,False
0,96,-0.007448819881588584,,,0.7687163429691218,False
0,97,0.010451193894632099,,,0.7686829142617511,False
0,98,0.007357860937644999,,,0.7686873698621033,False
0,99,0.07554919281927211,0.1698447025674551,0.09429550974818299,0.7688166238891317,True
1,2,0.011584301001425913,,,0.768692462719949,False
1,3,-0.007781766784064415,,,0.7687184212088658,False
1,4,-0.0015080659496348077,,,0.7686994517439688,False
1,5,-0.009682309501487883,,,0.7687123503558465,False
1,6,0.0009416130043145999,,,0.7686944863376219,False
1,7,0.021126561362623995,,,0.7686577855081013,False
1,8,-0.008793905839834557,,,0.7687076216451401,False
1,9,0.0004607493136834801,,,0.7686944239123982,False
1,10,-0.029016990320430414,,,0.7687846491692666,False
1,11,-0.01839296639116002,,,0.7687188972011976,False
1,12,0.009407650996168828,,,0.7686794678691844,False
1,13,-0.003751220525477052,,,0.7687028799291786,False
1,14,-0.023404855373926677,,,0.7687890839612107,False
1,15,0.010541599446378192,,,0.7686813380248491,False
1,16,0.007396764992943753,,,0.7686849430815261,False
1,17,-0.006786944623000961,,,0.768699378914541,False
1,18,-0.0039479655537856245,,,0.7686921948116966,False
1,19,0.009176046178798053,,,0.7686847011837838,False
1,20,-0.0028268069610264054,,,0.7686978208849959,False
1,21,-0.012053764384840715,,,0.7687166967120569,False
1,22,-0.030250577069634677,-0.1042568765549495,0.07400629948531483,0.7687348286385338,True
1,23,0.02272826497717719,,,0.7686682547383508,False
1,24,-0.003966557964567929,,,0.7686991214104928,False
1,25,-0.009253972138574937,,,0.768705582421161,False
1,26,-0.03260287783194569,,,0.7687867066006026,False
1,27,0.034766208502577,0.1198348813672694,0.0850686728646924,0.768764353168363,True
1,28,-0.018713473523519056,,,0.76874620563558,False
1,29,0.0023450181652325854,,,0.7686874921115,False
1,30,-0.0013489659989537137,,,0.7686957244378949,False
1,31,-0.010302561761006815,,,0.7687225022578749,False
1,32,-0.00127932644554285,,,0.7686988821138013,False
1,33,-0.005086516738517885,,,0.7686972330474714,False
1,34,-0.006532964187926944,,,0.7687080144038402,False
1,35,0.008148277322088874,0.1698499323675344,0.16170165504544554,0.7686818088150789,True
1,36,-0.01502942265444591,,,0.7687444525272104,False
1,37,-0.0026667964842761217,,,0.7686974619399589,False
1,38,0.01195960769090763,,,0.7686863372448589,False
1,39,0.018830223293879234,,,0.7686989679484839,False
1,40,0.010633728434199165,,,0.7686987494602007,False
1,41,0.007789455096999,,,0.7686938880958933,False
1,42,-0.007834603654295814,,,0.7687145430418342,False
1,43,0.00749848655081501,,,0.7686813848437669,False
1,44,-0.010269446111100847,,,0.7686717947687534,False
1,45,-0.008767236230248682,,,0.7686971394096357,False
1,46,-0.001903023413414227,0.0456267904734912,0.04752981388690543,0.7687014181385201,True
1,47,-0.019778179801256776,,,0.7687315122985169,False
1,48,-0.022349913113011603,,,0.7687548489280323,False
1,49,-0.011247760797181195,,,0.7687169568171563,False
1,50,-0.01996652480070444,,,0.7687478937176752,False
1,51,-0.002560836234554169,,,0.7687012698786135,False
1,52,0.0016284858688080973,,,0.7686914301027044,False
1,53,-0.0070256724041159214,,,0.768698569987682,False
1,54,-0.012367493919983525,,,0.7687300349015526,False
1,55,-0.008485936109406681,,,0.7687157837431582,False
1,56,-0.0025014537791609275,,,0.7687012152565426,False
1,57,-0.006200249462674175,,,0.7686944083060923,False
1,58,-0.035350794601658894,,,0.768761406177587,False
1,59,0.01985694368468256,0.0267455236659933,0.00688857998131074,0.7686633803687888,True
1,60,-0.001123168052448758,,,0.7686977402524151,False
1,61,0.01244751192525679,,,0.7687022270653792,False
1,62,0.01036612620451382,,,0.7686864022711337,False
1,63,0.0002404672734874283,,,0.7686941377967889,False
1,64,-0.007259703182280582,,,0.7686955813800904,False
1,65,0.001222585932223412,,,0.7686937190275789,False
1,66,-0.013647319639217993,,,0.7687178255681881,False
1,67,-0.00020958882508741693,,,0.7686956281990082,False
1,68,-0.007990488046197827,,,0.7687033819320204,False
1,69,-0.0037625783650435396,,,0.768700211250859,False
1,70,0.0006315705530745893,0.0653241351204965,0.06469256456742191,0.7686969989528819,True
1,71,-0.0065477582813753404,,,0.7687076164430381,False
1,72,-0.003782497255960051,,,0.7687017588762003,False
1,73,0.00029790265275468544,,,0.7686945201512849,False
1,74,-0.022502585381696732,,,0.7687522322707324,False
1,75,0.010955619817821461,,,0.7686860719376575,False
1,76,0.015366591649755922,0.1689393765869061,0.15357278493715018,0.7686795667091224,True
1,77,-0.007936338477929804,,,0.7687058425262603,False
1,78,-0.011257076657215712,,,0.7687207257400462,False
1,79,-0.018451501417157956,,,0.7687410373472557,False
1,80,-0.02190546573253595,,,0.7687474541400572,False
1,81,-0.0061652486017722274,,,0.7687103319402753,False
1,82,0.022922404860950894,0.1631826358715482,0.14026023101059729,0.7687078791491885,True
1,83,-0.0031297425204086966,0.1087068896464331,0.1118366321668418,0.7687017484719963,True
1,84,-0.011082118733380178,,,0.768721610097384,False
1,85,-0.0015513132474121315,,,0.7687001722350941,False
1,86,-0.022438081438963836,,,0.7687246091091798,False
1,87,-0.014382659506318058,,,0.7687259330441355,False
1,88,-0.015821678508216187,,,0.7687167851477907,False
1,89,-0.014576640785923243,,,0.7687294626703338,False
1,90,0.0001591806146016301,,,0.7686950455635856,False
1,91,0.005227346504265654,,,0.7686861629744423,False
1,92,0.0123576613463626,,,0.7686680674626793,False
1,93,-0.0045608624663715375,,,0.7687063679385611,False
1,94,0.019687046550030503,,,0.7686621136569548,False
1,95,0.007670888027899954,,,0.7686820090960054,False
1,96,0.016274790089909074,,,0.7686683275677787,False
1,97,-0.02509278179961301,,,0.7687545888229327,False
1,98,0.006405887049856191,,,0.7686881215658405,False
1,99,0.02759596343165937,0.1420348454655306,0.11443888203387123,0.7687075540178142,True
2,3,-0.03358613132741071,,,0.7687677215293999,False
2,4,0.0010513514077459016,,,0.7686951001856565,False
2,5,-0.03376356286581092,,,0.7687107533105364,False
2,6,0.09170221817296031,0.2550621785158429,0.16335996034288258,0.7690780997423725,True
2,7,0.003592022389825396,,,0.7686949649310049,False
2,8,-0.0032453706834176654,,,0.7686915653573562,False
2,9,-0.011723433788896693,,,0.7686955865821923,False
2,10,0.0038408242590405733,,,0.7686958909051583,False
2,11,-0.0035806220319884504,,,0.7686928346702411,False
2,12,-0.0017278470976692367,,,0.768693659203406,False
2,13,-0.005022944071996082,,,0.7686942418388285,False
2,14,-0.011783231038599684,,,0.7687186787129142,False
2,15,-0.016961891558657835,,,0.768708844139107,False
2,16,-0.0071182227004710375,,,0.7686993294945723,False
2,17,-0.0020022412974219873,,,0.7686916980109568,False
2,18,-0.0018257156406109535,,,0.7686898226531904,False
2,19,-0.010467196600155715,,,0.7686952120308492,False
2,20,-0.003472111211605771,,,0.7686914873258263,False
2,21,-0.02689116210817223,,,0.7687112371060213,False
2,22,-0.039492324756387885,,,0.7687569843908979,False
2,23,0.008830834258887749,,,0.7686964787426831,False
2,24,-0.011800511126963599,-0.0295327493113465,0.017732238184382902,0.7686976830292933,True
2,25,-0.01793109385261052,,,0.7687044067461117,False
2,26,-0.006396170344629432,-0.0946248826933322,0.08822871234870278,0.7686977376513641,True
2,27,-0.029520208704731685,,,0.7687028929344336,False
2,28,0.01617379115845734,,,0.7687114633974577,False
2,29,-0.024686497740970287,,,0.7687200858815016,False
2,30,-0.012363785421244942,,,0.768689518330224,False
2,31,-0.037049020853304734,,,0.7687338480423092,False
2,32,-0.023002361335603932,,,0.7687284872762112,False
2,33,-0.03473139933249106,,,0.7686625246230118,False
2,34,-0.01315400119284777,,,0.7686988326938324,False
2,35,-0.010174784142352565,,,0.7686948374795062,False
2,36,-0.01914763056229458,,,0.7687256339232712,False
2,37,0.008480316383472379,,,0.768705598027467,False
2,38,-0.007242839472996436,,,0.7686868054340378,False
2,39,-0.04183723998852623,,,0.7687287057644946,False
2,40,-0.0016604415146577898,,,0.7686919086960873,False
2,41,-0.00809648044183514,-0.0198920419609793,0.01179556151914416,0.7686928034576291,True
2,42,0.002568119606156086,,,0.7686969937507799,False
2,43,0.010998478234117355,,,0.7687118925708717,False
2,44,-0.03741886362689042,,,0.7686810935260555,False
2,45,-0.006064875093024055,,,0.768684630955407,False
2,46,-0.012803997793093084,,,0.7687100276173091,False
2,47,0.0010550317478505086,,,0.7686975581788456,False
2,48,-0.002119047515289822,,,0.7686942392377776,False
2,49,0.022498231558806793,,,0.7687064901879579,False
2,50,-0.00031160591887068913,,,0.768694876495271,False
2,51,0.03281166790006808,,,0.7687040243916158,False
2,52,-0.064404079353634,-0.0674972452916599,0.003093165938025902,0.7688389331035045,True
2,53,-0.009466261385535456,,,0.7686886755897022,False
2,54,-0.0044921925695090535,,,0.768695760852609,False
2,55,0.017791541142963874,0.2048067657611901,0.18701522461822623,0.7686996442217425,True
2,56,0.0009644297540602337,,,0.7686965983910288,False
2,57,-0.009206861234027395,,,0.7686806227358258,False
2,58,-0.005124588071745947,,,0.7686963070733177,False
2,59,0.008450455598557997,,,0.768701457154285,False
2,60,0.006131127474940083,,,0.7687005675948453,False
2,61,-0.005944218171446828,,,0.7686827061776716,False
2,62,0.025374914201485937,,,0.7687028669239236,False
2,63,-0.014919198895100797,,,0.768731837429891,False
2,64,0.0014831339904414825,,,0.768700263271879,False
2,65,0.014448733179221346,,,0.7687119601981975,False
2,66,0.003955541908667003,0.013362404004299,0.009406862095631997,0.7687030698059011,True
2,67,-0.0063482856617055414,,,0.7686996598280483,False
2,68,0.0060920564978580154,,,0.7686974749452137,False
2,69,-0.018881166518524423,,,0.7687432482406003,False
2,70,-0.00504234764696353,-0.0143939368584493,0.00935158921148577,0.7686822171800849,True
2,71,0.0026585526790547736,,,0.7686980341711773,False
2,72,-0.05094606011679351,-0.1146017193137696,0.06365565919697609,0.7688123919791651,True
2,73,-0.00663427882206768,,,0.7686992670693482,False
2,74,0.02047104321371825,,,0.7687040061842588,False
2,75,0.002822727980418195,,,0.7686956021884983,False
2,76,0.0020299400636422434,,,0.7686967622572414,False
2,77,0.008700938913522707,,,0.7687056162348239,False
2,78,-0.004815058309454421,,,0.7686961276007991,False
2,79,-0.05715496654345354,,,0.7688408370728318,False
2,80,-0.060061080490944406,,,0.7687551142352336,False
2,81,0.016738808079368436,,,0.7686828076186604,False
2,82,0.0022692396545278236,,,0.7687035640055899,False
2,83,-0.02783258758557209,,,0.7687270410918589,False
2,84,-0.01991109429257741,,,0.7686960027503513,False
2,85,0.002008213238587662,,,0.7686929179038728,False
2,86,-0.026686227200273634,,,0.7687045315965596,False
2,87,-0.012408752082599764,,,0.768704284496715,False
2,88,-0.02793579263295759,,,0.7687418280667577,False
2,89,0.021670977081907183,,,0.7686713968079513,False
2,90,-0.0373272950175084,,,0.7687120928517982,False
2,91,-0.015033125002674284,,,0.7687076112409361,False
2,92,-0.0036006225805738958,,,0.7686960469682182,False
2,93,-0.013979600648597133,,,0.7687089325748409,False
2,94,-0.01580200247811014,,,0.7686938308727717,False
2,95,-0.0068578549788960875,,,0.7686970717823097,False
2,96,0.0016178108886814955,,,0.7686942756524915,False
2,97,-0.016169653070496642,,,0.7686964085143062,False
2,98,-0.0017427809690453919,,,0.768693248237349,False
2,99,-0.023216337419396882,,,0.7687161426881952,False
3,4,-0.0011240583934891955,,,0.7686972954726953,False
3,5,-0.03291596413809158,,,0.7687320637213275,False
3,6,-0.015747729391424242,,,0.7687136846950062,False
3,7,-0.014505291121240018,,,0.7687241513242049,False
3,8,0.010688290818293191,,,0.7686861811817992,False
3,9,-0.02331092000309285,,,0.7687467388510338,False
3,10,-0.028049055963004294,,,0.7687685954825336,False
3,11,-0.003531302813497431,,,0.7687003803191736,False
3,12,-0.025159977602883417,,,0.7687603215393228,False
3,13,-0.010656443392589468,,,0.7687220678823589,False
3,14,0.012262410517133122,,,0.7686664704173692,False
3,15,-0.019320577590762878,,,0.7687441299968872,False
3,16,0.0034855554668538156,,,0.7686888472590678,False
3,17,0.002566837711317067,,,0.7686936748097118,False
3,18,-0.017100102253369727,,,0.7686819570749854,False
3,19,0.0009512472486523336,,,0.7686955371622235,False
3,20,-0.029524039672108003,,,0.7687390735537556,False
3,21,-0.0028459500563417766,,,0.768696902713995,False
3,22,0.011875693683724493,,,0.7686862878248899,False
3,23,0.024122746134729717,,,0.7686628887701509,False
3,24,-0.012299166635484618,,,0.7687244218335081,False
3,25,-0.012667322545844056,,,0.7687090730315945,False
3,26,-0.023595711540538338,,,0.7687554159571488,False
3,27,-0.03425148382877058,,,0.7687049165521067,False
3,28,-0.028621355491792858,,,0.768728669349781,False
3,29,-0.011074580868505194,,,0.7687286797539846,False
3,30,0.007727753900685149,,,0.7686844983018062,False
3,31,-0.009075060323942893,,,0.7687065838257936,False
3,32,-0.015095367873386983,,,0.7687492670725997,False
3,33,-0.01735103079176573,,,0.7687081392542877,False
3,34,-0.0062461209295578135,,,0.7687026536377422,False
3,35,-0.010340768206480807,-0.2046974996397629,0.19435673143328208,0.7687148889816164,True
3,36,-0.020701229992878083,,,0.7687382516216414,False
3,37,0.026997154310520168,,,0.7686676044756025,False
3,38,0.014236367309869118,,,0.7686866337646723,False
3,39,-0.007464192879729617,,,0.7686982630636648,False
3,40,0.011905797079502416,,,0.7686868392477005,False
3,41,-0.05005577015205746,,,0.7688476284169763,False
3,42,-0.013356036392169868,,,0.7687201665140826,False
3,43,-0.03745221421957117,,,0.7688080820376685,False
3,44,-0.02512819654114201,,,0.7686826853692637,False
3,45,-0.024356567977742584,,,0.768685086139331,False
3,46,-0.016384381141991068,,,0.7687188321749228,False
3,47,0.013138461956828683,,,0.7686783051993904,False
3,48,-0.025648565465492983,,,0.7687564121596794,False
3,49,0.0856689708601361,0.2405808379727752,0.1549118671126391,0.7687977428599686,True
3,50,-0.033032806225651426,,,0.7688041076317503,False
3,51,-0.01898575869568188,,,0.7687422130223048,False
3,52,-0.030739732610300878,,,0.7687786615498792,False
3,53,-0.0020637283029260197,,,0.7686954123117757,False
3,54,-0.007789837499655677,,,0.7687149305984323,False
3,55,0.007886158985006038,,,0.7686837908159361,False
3,56,-0.008126479760465107,,,0.7687138953801368,False
3,57,0.0007386080344403021,,,0.7686966113962839,False
3,58,-0.009574492806555231,,,0.7687160568535125,False
3,59,-0.037540021989204066,,,0.7688112969366968,False
3,60,0.0013800780228321458,,,0.768691991929719,False
3,61,-0.010168718867787972,,,0.7686942938598486,False
3,62,-0.0064359767537279025,,,0.7686952588497672,False
3,63,-0.027733589531456097,,,0.768796426728166,False
3,64,-0.0242179738447056,,,0.7686915731605092,False
3,65,-0.007612384782473074,,,0.7687048307174239,False
3,66,-0.015841387585930424,,,0.7687231941374391,False
3,67,-0.018610623135410193,,,0.768739240021019,False
3,68,-0.054834779848883214,-0.1549597817296263,0.10012500188074308,0.7688272517834918,True
3,69,0.007575753479009002,,,0.7686888524611698,False
3,70,-0.0033899965513549367,,,0.7686971238033296,False
3,71,-0.022297618278630384,,,0.7687469027172464,False
3,72,-0.005061795258987501,,,0.7686970743833608,False
3,73,-0.027454467209621358,,,0.7687606076549321,False
3,74,-0.024663149489304273,,,0.7687715710848703,False
3,75,-0.04729572687109328,-0.004913317594633,0.042382409276460274,0.7687844228778301,True
3,76,-0.0009599751327778617,,,0.7686961015902891,False
3,77,-0.036467820059941404,,,0.7687340587274397,False
3,78,-0.018754473729311515,,,0.7687445123513832,False
3,79,-0.001279842912793748,,,0.7686970847875647,False
3,80,-0.03247678091869168,,,0.7687759902705086,False
3,81,-0.017170248980077747,,,0.7687366571773824,False
3,82,0.0011504919089296312,,,0.7686964007111534,False
3,83,-0.008813826867985894,,,0.7687073199232247,False
3,84,-0.031447927583841816,,,0.7687966140038374,False
3,85,-0.020130536180524822,,,0.7687565240048722,False
3,86,-0.0339347388702836,-0.00405282702704,0.0298819118432436,0.7687388082465542,True
3,87,-0.028269142073295308,,,0.7687598039301751,False
3,88,0.027187746654300238,,,0.7687260344851243,False
3,89,0.045422582734108305,,,0.7687004245370406,False
3,90,0.008506653058718002,0.0943235910407787,0.08581693798206069,0.7686889617053113,True
3,91,0.01363538716874815,,,0.7686726271050712,False
3,92,0.00033295696835313783,,,0.7686942028230637,False
3,93,0.0019375840077666111,,,0.7686921167801668,False
3,94,-0.018961806427652328,,,0.768721669921557,False
3,95,-0.017492859043726994,,,0.7687407616358503,False
3,96,0.009545989120974856,,,0.7686918618771693,False
3,97,-0.008221812786847258,,,0.7687048827384437,False
3,98,-0.01969112730690497,,,0.7687422182244068,False
3,99,-0.00980288064187401,,,0.7687073849494996,False
4,5,0.017606257661053233,,,0.7687004245370406,False
4,6,0.016195289375125127,,,0.768703561404539,False
4,7,-0.01167991586262167,,,0.7687167721425358,False
4,8,0.011220286099544955,0.0684088493296439,0.05718856323009895,0.7686992800746034,True
4,9,-0.01312013134577544,,,0.7686985439771723,False
4,10,-0.011066508212745664,,,0.768719141699991,False
4,11,-0.00017209285750365184,,,0.7686954565296427,False
4,12,0.0002884348240712771,,,0.7686947516448234,False
4,13,-0.004444877807269614,,,0.7686993216914193,False
4,14,-0.1074210810283236,-0.2518272998633794,0.14440621883505578,0.7692840925768671,True
4,15,-0.02410942727297115,,,0.7687596478671154,False
4,16,-0.00890321581291004,,,0.7687028591207706,False
4,17,-0.012699469194614448,,,0.7687014337448262,False
4,18,-0.048526119418931285,-0.107046153954335,0.05852003453540372,0.768730227379326,True
4,19,-0.02826436595950325,-0.0729857820422897,0.044721416082786444,0.7687324148632118,True
4,20,-0.027294667302546635,,,0.768763107264937,False
4,21,0.014556521403619021,,,0.7686958076715268,False
4,22,0.0010794432574157149,,,0.7686949181120869,False
4,23,-0.002127449514890737,,,0.7686976180030184,False
4,24,0.0027338914801685564,,,0.7686938126654147,False
4,25,0.008782069203118319,,,0.7686909228977606,False
4,26,-0.01824836164583034,,,0.768726115117705,False
4,27,-0.003620448108266604,,,0.768687127964361,False
4,28,0.011291217578146228,,,0.7686933054604709,False
4,29,-0.01919708827951239,,,0.7687334838951702,False
4,30,-0.048149043621562054,-0.1176130567081685,0.06946401308660645,0.7687723644054235,True
4,31,0.006803917122718998,0.011223337664382,0.004419420541663003,0.76869084226518,True
4,32,0.027903930882296687,,,0.7686971758243494,False
4,33,-0.014497325523357535,,,0.7686860745387085,False
4,34,0.002597955067041478,,,0.7686947672511294,False
4,35,-0.004310955657646599,,,0.7686965255616011,False
4,36,-0.007486643288106361,,,0.7686992930798583,False
4,37,0.038074735783753144,0.0638886309134387,0.025813895129685557,0.7687336789739946,True
4,38,0.017452391417576877,0.1118144078401961,0.09436201642261922,0.7687022764853481,True
4,39,-0.0029277699218384096,,,0.7686971550159416,False
4,40,0.005068165344534818,,,0.7686973917115819,False
4,41,0.07098764725727051,0.2628043061795943,0.1918166589223238,0.7689067737155214,True
4,42,-0.017808415921571757,,,0.7687174588199982,False
4,43,0.004131339373899531,,,0.7686886001592232,False
4,44,0.039020838578467235,0.0494630984150033,0.010442259836536065,0.7688201951321462,True
4,45,-0.011353127270444064,,,0.7686869849065563,False
4,46,0.012454679069933947,,,0.7686979509375456,False
4,47,-0.0020345852494143106,,,0.7686963096743685,False
4,48,-0.020221173956212465,,,0.7687333668478753,False
4,49,-0.02280941377013604,,,0.7687619784088057,False
4,50,0.0006433146349086247,,,0.768694530555489,False
4,51,-0.02716225733038986,,,0.7687420673634493,False
4,52,0.01669797757848007,,,0.7687120590381352,False
4,53,-0.015062055532013847,-0.1066201096398345,0.09155805410782064,0.768696520359499,True
4,54,-0.003426142726620382,,,0.7687000213741366,False
4,55,-0.00037594951187280845,0.1016163270625031,0.10199227657437591,0.7686947152301095,True
4,56,0.002620527360490227,,,0.7686922390295635,False
4,57,-0.013168387944034403,,,0.7687088077243931,False
4,58,-0.02692096036961232,,,0.768750382923476,False
4,59,-0.02403897898596768,,,0.7687508146979409,False
4,60,0.00040133494903311744,0.031345762492518,0.03094442754348488,0.7686941950199108,True
4,61,0.03631072019198242,0.1335472378788967,0.09723651768691427,0.7687647121134001,True
4,62,-0.010981904081150308,,,0.7687007470673637,False
4,63,-0.0075822409510168266,,,0.7687082328921236,False
4,64,0.008993785461689899,0.0670745714928354,0.0580807860311455,0.7687081652647978,True
4,65,0.010100006957193578,,,0.7686976622208853,False
4,66,0.007011232844716241,,,0.7686888966790365,False
4,67,-0.035051977193689424,,,0.7687864282881461,False
4,68,-0.030188472531925328,-0.1206204499451067,0.09043197741318137,0.7687139395980037,True
4,69,0.018668755660646852,,,0.7686824590778273,False
4,70,0.030738328990929265,,,0.7687668787888778,False
4,71,-0.00908512927344424,,,0.7686958258788837,False
4,72,-0.03006824055667709,,,0.7687238652085955,False
4,73,-0.004985645875271779,,,0.7686987884759655,False
4,74,-0.01613174800793882,,,0.7687136716897514,False
4,75,0.014043444738796821,,,0.7687027680839859,False
4,76,-0.010952462064442923,,,0.7686984581424895,False
4,77,-0.017641766955087772,,,0.7686863268406549,False
4,78,-0.005960158628874432,,,0.7686998939226378,False
4,79,0.017960489595947957,,,0.7686896327764678,False
4,80,-0.025967569560446532,,,0.768717534250477,False
4,81,-0.02078068487199368,,,0.7687079441754633,False
4,82,0.0080485839309721,,,0.7687036524413237,False
4,83,-0.01698693011432986,,,0.7687079571807183,False
4,84,-0.0005226022185772089,,,0.7686951235951156,False
4,85,0.000766210182090837,,,0.7686938074633126,False
4,86,-0.03693936594622317,,,0.7687346231555052,False
4,87,0.0031945293564342187,,,0.7686956776189772,False
4,88,0.0032879365489238577,,,0.7686938985000975,False
4,89,-0.006491824617614942,,,0.7687037382760066,False
4,90,-0.008224412315803101,,,0.7686979275280866,False
4,91,0.021239862076219456,,,0.768723261764765,False
4,92,-0.005973986392227074,,,0.7687058893451784,False
4,93,-0.025917771533889675,-0.1741794655977188,0.1482616940638291,0.768733959887502,True
4,94,-0.007851214889038446,,,0.7686972122390634,False
4,95,-0.00017995749806512008,,,0.7686950533667386,False
4,96,-0.03302281510790846,-0.1019461342205859,0.06892331911267745,0.7687874140864729,True
4,97,-0.021099670298388218,,,0.768750382923476,False
4,98,-0.006096170311178111,,,0.768692410698929,False
4,99,-0.028091053150447895,,,0.7687211627166131,False
5,6,0.020136111673233696,,,0.7687003491065618,False
5,7,0.03032552481787861,0.045635102990306,0.015309578172427389,0.7687180726680327,True
5,8,-0.00048551892856614856,,,0.7686944759334181,False
5,9,0.024348182194581035,,,0.7686918930897814,False
5,10,-0.02619274897433951,,,0.7687274208453039,False
5,11,-0.018613419080144508,,,0.7687094397797846,False
5,12,-0.013102165260947735,,,0.7686972356485223,False
5,13,-0.003959226956610315,,,0.7686937580433437,False
5,14,0.008490246464122263,,,0.7686926708040285,False
5,15,-0.020347802793702477,,,0.7687202237372044,False
5,16,-0.013436242368326707,,,0.76869657498157,False
5,17,0.016751430371622338,,,0.7687171701033378,False
5,18,0.012315984728008047,,,0.7687297149722803,False
5,19,-0.011470395503801353,,,0.7686917266225176,False
5,20,-0.05016111190219205,,,0.7687631566849059,False
5,21,-0.013042224861884655,,,0.7686918540740165,False
5,22,-0.0023661463792918405,,,0.7686935317519074,False
5,23,-0.006333528895922507,,,0.7686981096016562,False
5,24,0.010743094935545604,,,0.7687047630900979,False
5,25,-0.01822624503477404,-0.0245842933254745,0.006358048290700462,0.7687119575971465,True
5,26,-0.008375188252722442,0.0474912783293927,0.05586646658211514,0.7686996754343545,True
5,27,-0.014596786672443421,,,0.7686889799126685,False
5,28,0.008454635511945365,0.1144035867559048,0.10594895124395944,0.76870147015954,True
5,29,-0.0011447155499963828,,,0.7686959221177705,False
5,30,-0.013705773943982643,,,0.7686829038575473,False
5,31,-0.0055169462071181005,,,0.7686935603634684,False
5,32,0.0015904132818580705,,,0.7686946085870187,False
5,33,-0.014714930252212682,,,0.7686880435343106,False
5,34,-0.002271721880134652,-0.0103046964815918,0.008032974601457148,0.7686960755797791,True
5,35,-0.008480510873327927,,,0.7686931493974113,False
5,36,-0.020994609877237124,,,0.768731892051962,False
5,37,0.02360558814151667,,,0.7686990017621471,False
5,38,0.004764434355786114,,,0.7686984009193675,False
5,39,-0.004514639373292655,,,0.7686874999146531,False
5,40,0.026776720272239256,,,0.7687308282221057,False
5,41,-0.02524141043113558,,,0.7686830521174539,False
5,42,0.013050294754238929,,,0.7687082484984294,False
5,43,0.020786708565157987,0.0150281521119173,0.005758556453240688,0.7686991292136457,True
5,44,-0.02451617073671137,,,0.7686243672049347,False
5,45,0.02118079143973399,,,0.7687132399152864,False
5,46,-0.014133939975136851,,,0.7687222655622344,False
5,47,-0.0038590347050378344,,,0.768695714033691,False
5,48,-0.0063614560720338135,,,0.7686982760689197,False
5,49,0.007084398163243271,,,0.7686957634536601,False
5,50,0.0024043447386972714,,,0.7686948192721491,False
5,51,-0.013258240150644914,,,0.7687090288137276,False
5,52,-0.005143209488226639,,,0.7686978833102198,False
5,53,0.009586571130759607,,,0.7687099651920853,False
5,54,-0.011029219185884613,,,0.7687037278718025,False
5,55,0.006327130463660312,,,0.7686981330111151,False
5,56,0.003420085382595653,,,0.768697810480792,False
5,57,0.010843657672053347,,,0.768714210107307,False
5,58,-0.013338295260451428,,,0.768691193407064,False
5,59,-0.0004609257036779432,,,0.7686960131545552,False
5,60,-0.030119122823026,,,0.7687307267811166,False
5,61,0.014269359607787132,,,0.7687330053017873,False
5,62,0.015764352198804784,,,0.7687035900160998,False
5,63,-0.03181388373972248,-0.152812267331292,0.12099838359156952,0.76877172714793,True
5,64,-0.0003479766912678102,,,0.7686942990619504,False
5,65,0.0010383675521070859,,,0.7686954851412037,False
5,66,-0.0006535272426976303,,,0.7686950195530758,False
5,67,0.0010587391654180934,,,0.7686931311900544,False
5,68,0.006063187236373804,,,0.7686920959717589,False
5,69,-0.009918204131709359,,,0.768700302287644,False
5,70,0.009834926961087362,,,0.7687216751236587,False
5,71,0.004473829681425675,,,0.768701080001891,False
5,72,0.01713013391533855,,,0.7687053093108067,False
5,73,0.018425812900486963,,,0.7687070494139213,False
5,74,-0.008934695681133056,,,0.7686985777908352,False
5,75,0.013471015055855894,,,0.7687046044259874,False
5,76,0.010350632798398696,,,0.7686999303373516,False
5,77,0.008623401246517729,,,0.7687050830193703,False
5,78,0.0023410128907171493,,,0.7686962446480938,False
5,79,0.026219809424805906,,,0.7687048983447496,False
5,80,-0.04068770345869258,,,0.7687444369209046,False
5,81,-0.011506304436534213,,,0.7687111408671344,False
5,82,-0.006540583994691708,,,0.7686874478936332,False
5,83,-0.00928051388651491,,,0.7686935083424483,False
5,84,0.012451049349592617,,,0.7686932924552159,False
5,85,-0.0060678521708290994,,,0.7686999849594226,False
5,86,-0.004003553032623119,,,0.7686959013093626,False
5,87,-0.03223181746276297,,,0.7687413234628651,False
5,88,0.0025324899665675644,,,0.7686970457717996,False
5,89,-0.0036212256850647988,,,0.7686979327301887,False
5,90,0.001958296475614775,,,0.7686948608889651,False
5,91,-0.0011337441438979273,-0.0432088629454642,0.04207511880156627,0.7686962524512467,True
5,92,-0.007957862393506418,,,0.7686982760689198,False
5,93,-0.011794034960385252,,,0.7686950585688406,False
5,94,0.0016427681918721841,,,0.7686948816973729,False
5,95,0.006943800789540842,,,0.768700252867675,False
5,96,-0.011758102414353697,,,0.7687061260408187,False
5,97,-0.0024286644252304486,,,0.7686964683384793,False
5,98,0.015861232196866925,,,0.7687020736033704,False
5,99,-0.029301703732720924,,,0.7686954877422546,False
6,7,0.002321403987822661,,,0.768697006756035,False
6,8,-0.01781194089151201,,,0.7686844800944493,False
6,9,0.016455979566330683,,,0.7687184160067637,False
6,10,0.008465197983869209,,,0.7686997378595783,False
6,11,-0.014139224620368217,,,0.7686933652846438,False
6,12,-0.0006354987988996981,,,0.7686952250361041,False
6,13,0.005823662896324713,,,0.7687012256607466,False
6,14,0.002776768033701655,,,0.7686943770934803,False
6,15,0.003082015175449232,,,0.7686938412769756,False
6,16,0.006469766594707058,,,0.7687016964509765,False
6,17,0.02793454647895024,0.0717425063281856,0.043807959849235356,0.7687346647723212,True
6,18,0.01636637628364563,,,0.7687156666958634,False
6,19,0.02609959820625319,,,0.7687726245105229,False
6,20,-0.03733450935290285,,,0.7687393050472939,False
6,21,0.006466200241618766,,,0.7687078297292196,False
6,22,0.024932049817967344,,,0.7687383816741912,False
6,23,-0.034053479908675036,,,0.7687233423973457,False
6,24,0.004040446543497113,,,0.7686999823583717,False
6,25,-0.004901985866411631,,,0.7686954877422546,False
6,26,-0.004442219193005248,,,0.7686946293954267,False
6,27,-0.014892034972066048,,,0.7686844436797355,False
6,28,-0.004650950223171383,,,0.7686950689730447,False
6,29,-0.0016326180233432676,,,0.7686949441225969,False
6,30,-0.04308296337967307,-0.0638945452774937,0.020811581897820633,0.768750356912966,True
6,31,-0.0356015439804071,-0.0773563286803407,0.0417547846999336,0.7687109822030238,True
6,32,-0.039058993398099894,,,0.7687275014778847,False
6,33,-0.039417170006765145,,,0.7686912766406959,False
6,34,-0.02200509213321534,,,0.7686758862219663,False
6,35,-0.00416468424414094,,,0.7686917370267218,False
6,36,-0.015028821669466553,,,0.7686962264407368,False
6,37,0.018060711094405057,0.018659669297075,0.0005989582026699435,0.768719937621595,True
6,38,0.018387469251179806,,,0.7687302794003459,False
6,39,-3.9938890714081264e-05,,,0.7686950143509739,False
6,40,0.027526607685772565,,,0.7687175732662419,False
6,41,-0.02734061468340724,,,0.768706378342765,False
6,42,0.013540629923323366,,,0.7687103163339695,False
6,43,-0.01859375118986342,,,0.768694038956851,False
6,44,0.022829930153088214,,,0.768792314466545,False
6,45,-0.0034192563663419935,,,0.7686923404705522,False
6,46,-0.003931596943500251,,,0.7686962316428388,False
6,47,-0.024084412133032283,,,0.768717914003922,False
6,48,-0.0024598627921747444,0.0852515434331527,0.08771140622532744,0.7686942444398797,True
6,49,-0.016617802871818348,,,0.7686919529139542,False
6,50,-0.014951574940101223,,,0.7687067841067201,False
6,51,0.004023917351410715,,,0.7686921453917277,False
6,52,0.00415287906094764,,,0.7686965255616012,False
6,53,0.016950833850558827,,,0.7687228195860961,False
6,54,-0.00019305846108619296,,,0.7686954409233367,False
6,55,-0.01571470369396425,,,0.7687002892823889,False
6,56,-0.001821523093111727,,,0.7686946892195995,False
6,57,-0.013356828848085521,,,0.7686935005392953,False
6,58,-0.0063547614363519064,,,0.7687033273099495,False
6,59,-0.03759317935413232,,,0.7687412610376411,False
6,60,0.013021871611402898,,,0.7687056500484868,False
6,61,0.011403925025458398,,,0.7687136274718844,False
6,62,-0.00965395950718571,0.0377515655128592,0.047405525020044914,0.7686985283708663,True
6,63,0.011673819068937942,,,0.768675587101102,False
6,64,0.026676270369457578,,,0.768744637201831,False
6,65,0.012984796494911629,,,0.7687134375951619,False
6,66,-0.003914809214211664,,,0.7686906731968651,False
6,67,0.009418441754513219,,,0.7686907668347011,False
6,68,-0.01326589289679181,,,0.7687029059396886,False
6,69,0.012309764767818216,,,0.768696933926607,False
6,70,-0.012545015190396906,,,0.7686604671916758,False
6,71,-0.0013136123988754557,,,0.7686929829301475,False
6,72,0.010329418574192138,,,0.7687157837431583,False
6,73,0.007589349038965695,,,0.768704807307965,False
6,74,-0.004589627598896504,,,0.7686940311536982,False
6,75,-0.012190047454467435,,,0.7686909333019647,False
6,76,0.006934744625052912,,,0.7687009421461882,False
6,77,-0.012692833744903063,,,0.7686817359856509,False
6,78,-0.002165377084044187,,,0.7686942782535426,False
6,79,0.015933334535346764,,,0.7687027888923939,False
6,80,0.03157660689572379,,,0.7686979587406986,False
6,81,-2.866777130170091e-05,,,0.7686949987446678,False
6,82,0.021114773458860613,,,0.7687561598577328,False
6,83,-0.01768176832964605,,,0.7686859782998217,False
6,84,-0.010962803227001421,,,0.7686997300564252,False
6,85,-0.004077810367175571,,,0.7686996234133345,False
6,86,0.0067251274090357974,,,0.7687116662794351,False
6,87,-0.04435785094404319,-0.0916417395198801,0.04728388857583691,0.7687600796415803,True
6,88,0.010698043143505654,,,0.7687151074698999,False
6,89,-0.010752753047875667,,,0.7687083291310104,False
6,90,0.012518113847115035,,,0.7686999329384026,False
6,91,0.01162060178491051,,,0.7687053327202656,False
6,92,-0.0046929129132185655,,,0.7686965073542441,False
6,93,0.0003221943692653523,,,0.7686949597289029,False
6,94,0.008013749565619156,,,0.7687049607699735,False
6,95,-0.0011636794224896127,,,0.7686944733323671,False
6,96,-0.008606517647710192,,,0.7686933080615217,False
6,97,-0.009041243469029715,,,0.7686988092843734,False
6,98,0.027056552810303357,,,0.7687364881090678,False
6,99,0.00336551708507907,,,0.7686979899533104,False
7,8,-0.00967066878006922,-0.0850143200933285,0.07534365131325928,0.7686922858484814,True
7,9,-0.03192158620649794,,,0.7687164236017027,False
7,10,-0.012059135885657345,,,0.768710043223615,False
7,11,0.005442907722202288,,,0.7687018213014242,False
7,12,-0.001439081798096882,,,0.7686943536840213,False
7,13,-0.001947503921917414,,,0.7686953264770929,False
7,14,0.012564203799295954,,,0.7686906133726924,False
7,15,-0.009731626216593408,,,0.768693253439451,False
7,16,0.016267894413055543,,,0.7687023415116229,False
7,17,0.017360862713286775,,,0.7687280789112053,False
7,18,0.007431363410081097,,,0.7687009759598513,False
7,19,-0.012073961983195235,-0.0033546651027233,0.008719296880471935,0.7686976622208854,True
7,20,-0.005683852613363973,,,0.7686993112872152,False
7,21,0.01095993634101736,,,0.7687005675948452,False
7,22,-0.007337789667830205,,,0.7686882646236451,False
7,23,0.011563829026253046,,,0.7687066410489155,False
7,24,0.011951514383165844,,,0.7687045003839478,False
7,25,0.003125628271284535,,,0.768695290062379,False
7,26,0.005722695764481436,,,0.7686974801473156,False
7,27,-0.008933602092734867,,,0.7686941455999419,False
7,28,-0.012217018587265593,,,0.7687020241834017,False
7,29,0.005334757374628051,,,0.7686903506665421,False
7,30,-0.012091716931130238,,,0.7686919451108012,False
7,31,-0.0013090823314694053,,,0.7686956932252831,False
7,32,0.020186849175494348,,,0.768699022570555,False
7,33,-0.008770798883003712,,,0.7686919919297192,False
7,34,-0.00840446850401088,,,0.7686934823319383,False
7,35,0.016461458515717717,,,0.7687109926072277,False
7,36,-0.006364291822243191,,,0.7687064797837538,False
7,37,0.012948103846213527,,,0.7687107377042305,False
7,38,-0.009390163673254206,,,0.768690363671797,False
7,39,0.005086218097581535,,,0.768699875715281,False
7,40,0.023442139084270768,,,0.7687310024925221,False
7,41,0.012369722119899874,,,0.7687186995213221,False
7,42,0.0014387945611244119,,,0.768694970133107,False
7,43,-0.01945766505584639,-0.1336289117300762,0.11417124667422981,0.768706445970091,True
7,44,-0.01613417757169567,,,0.7686536888527864,False
7,45,0.0056688040554533844,,,0.7686995661902127,False
7,46,-0.023195066957111835,,,0.7687509811652046,False
7,47,-0.01209757972462774,,,0.7687063055133372,False
7,48,-0.0017373294021140885,,,0.7686948634900159,False
7,49,0.018770543383013552,,,0.7686988561032914,False
7,50,0.012194057034078243,,,0.7687011918470837,False
7,51,0.004230236286921827,,,0.7686991032031358,False
7,52,-0.01746172116533619,,,0.7687218545961775,False
7,53,0.009262011444585234,,,0.7687091484620733,False
7,54,0.002760275237931675,,,0.7686937892559557,False
7,55,0.003933803933861125,,,0.7686961666165639,False
7,56,0.0013935508283476686,,,0.7686957738578639,False
7,57,-0.024806170910188993,,,0.7686929595206886,False
7,58,0.008070027291051763,,,0.7686991136073398,False
7,59,-0.000842900882415766,,,0.7686946970227525,False
7,60,-0.012733358538287148,,,0.7686951027867076,False
7,61,0.029520466430983397,,,0.7687710768851816,False
7,62,0.010271018222630584,,,0.7686942938598484,False
7,63,0.028454798116865035,0.0774168636479139,0.04896206553104887,0.7686756911431418,True
7,64,-0.030090221988312675,-0.0992373418509102,0.06914711986259753,0.7686678489743959,True
7,65,0.0028141347185478404,,,0.7686991916388696,False
7,66,0.023193460977576963,0.1143830998700993,0.09118963889252234,0.7687214618374774,True
7,67,-0.021277246714499827,,,0.7687305004896804,False
7,68,-0.0014600893692182136,,,0.7686937294317828,False
7,69,0.012400106688628048,,,0.7687044431608258,False
7,70,0.01096712257149518,,,0.7687079571807182,False
7,71,0.00811934072058491,,,0.768706859537199,False
7,72,-0.01019795614962376,,,0.7687049321584126,False
7,73,-0.0021503045173730155,,,0.7686946163901716,False
7,74,0.0005541218802899914,,,0.7686955527685294,False
7,75,0.0004607171417345783,,,0.7686950975846055,False
7,76,-0.003099942555511631,,,0.7686921271843707,False
7,77,-0.017323028476870988,,,0.7686987286517928,False
7,78,-0.001518265363491156,,,0.7686951470045743,False
7,79,-0.009456566619014253,,,0.7687021750443592,False
7,80,-0.004373399499490992,,,0.7686963773016944,False
7,81,-0.0037228673314391725,-0.0405546151544439,0.036831747823004725,0.7686979015175768,True
7,82,0.003192285677866195,,,0.7687003022876439,False
7,83,-0.014228792051429457,,,0.7687081834721547,False
7,84,0.005179038015344183,,,0.7686903714749501,False
7,85,-0.00869988959233963,,,0.7687094944018555,False
7,86,0.007809534481390352,,,0.7686943458808684,False
7,87,-0.0003450595968182788,,,0.7686946684111916,False
7,88,-0.016503554187543158,,,0.7686954227159798,False
7,89,0.005469082045365177,,,0.7686915107352853,False
7,90,0.006090661747014323,,,0.7687023961336938,False
7,91,0.023438948839320226,,,0.7686970379686467,False
7,92,0.009218628826916743,,,0.7686923508747562,False
7,93,-0.0128594309173588,,,0.7687038735306582,False
7,94,0.003874210245942958,,,0.7686949779362597,False
7,95,0.0067355278264384505,,,0.7686983124836337,False
7,96,0.003443898906646916,,,0.768695669815824,False
7,97,-0.03595046104816431,,,0.7687633933805462,False
7,98,-0.007263407687812345,,,0.7686947542458744,False
7,99,2.2558868455608422e-05,,,0.7686950975846055,False
8,9,-0.01121060222611769,,,0.7686958674956996,False
8,10,0.005331544077778853,,,0.7686979977564634,False
8,11,-0.00032533224335351205,,,0.7686944603271121,False
8,12,-0.010636745919086091,,,0.7686982994783786,False
8,13,-0.013536122300515901,,,0.7686961952281248,False
8,14,0.021249026368575473,0.194374018520907,0.1731249921523315,0.7686840899368003,True
8,15,-0.01479390180051947,,,0.7687006612326811,False
8,16,-0.0025448540755779216,,,0.7686944317155512,False
8,17,0.01216324777648656,,,0.7687192197315209,False
8,18,-0.006269850717338673,,,0.7686856453652945,False
8,19,0.001551285258831133,,,0.7686951964245433,False
8,20,0.002589205989601151,,,0.7686952822592259,False
8,21,0.0002427397472215334,,,0.7686950403614837,False
8,22,0.009916655943097595,,,0.7687042740925112,False
8,23,-0.003860240090948208,,,0.7686987364549458,False
8,24,0.0004702338014956817,,,0.7686956360021612,False
8,25,-0.01406514267400678,,,0.7686953342802461,False
8,26,-0.031892416827436106,,,0.7687173235653465,False
8,27,-0.00541793478517095,,,0.7686888914769346,False
8,28,-0.002204344933281003,,,0.7686972850684912,False
8,29,0.0020823409590914783,,,0.768692889292312,False
8,30,-0.025309079000098458,,,0.7686918722813734,False
8,31,-0.0026399797028977515,,,0.7686937294317828,False
8,32,0.018054783929687873,0.0255505589600833,0.007495775030395425,0.7686934667256325,True
8,33,-0.00806038727345259,0.0722148979505714,0.080275285224024,0.768685507509592,True
8,34,-0.00268980230770032,,,0.7686942184293698,False
8,35,0.002624052973193188,,,0.7686968975118932,False
8,36,0.015564490991817455,,,0.7686836737686413,False
8,37,0.007845377535374624,,,0.7687027654829348,False
8,38,0.025183334624033483,,,0.7687383842752421,False
8,39,0.015072008446429556,,,0.7687151204751548,False
8,40,0.01068913924093558,,,0.7687096946827818,False
8,41,-0.006780414584900471,,,0.7686867872266808,False
8,42,-0.0067987747807936524,,,0.7686944421197551,False
8,43,-0.0003854029386180912,0.029747351788491,0.030132754727109093,0.7686948478837101,True
8,44,-0.01144315985473339,,,0.7686635000171345,False
8,45,-0.016983882643927625,,,0.768685465892776,False
8,46,-0.0023218898359277035,,,0.7686985491792742,False
8,47,-0.009046355012053062,,,0.7686954539285917,False
8,48,-0.011992217707458393,,,0.7686890293326373,False
8,49,-0.004666437242742107,,,0.7686991812346657,False
8,50,-0.013749954429983332,,,0.7686856245568866,False
8,51,0.009633884908191975,,,0.7686865115152753,False
8,52,0.02951616492156971,,,0.7687067190804453,False
8,53,-0.006925987286040876,,,0.7686836685665394,False
8,54,-0.007857697164292523,,,0.7686971836275025,False
8,55,-0.0009764253122874918,-0.0551800835154087,0.05420365820312121,0.7686946606080385,True
8,56,-0.009107615352316295,,,0.7686915185384384,False
8,57,-0.010022464869464282,,,0.7686845555249282,False
8,58,-0.021828503409848855,,,0.7687024325484076,False
8,59,0.014641509528175993,0.1956597496823038,0.1810182401541278,0.7687030203859322,True
8,60,-0.0006517790904191135,,,0.7686955033485605,False
8,61,-0.00850705968956231,,,0.7686876715840185,False
8,62,0.007893677381376677,,,0.7686936487992022,False
8,63,-0.00436659682752521,,,0.7687061052324109,False
8,64,-0.007204910259949836,,,0.7686805655127039,False
8,65,-0.001881662534337982,,,0.7686921427906767,False
8,66,-0.019196324708735658,,,0.7686943172693075,False
8,67,-0.023441379266158052,,,0.7687288410191465,False
8,68,-0.0047467550467090065,,,0.7686943692903273,False
8,69,0.019034088993137337,,,0.7687092837167249,False
8,70,0.00858421800983174,,,0.7687207803621171,False
8,71,-0.023828409941675913,,,0.7686803262160126,False
8,72,0.004298231446201537,,,0.7686963929080004,False
8,73,-0.010664750501588032,,,0.7686966348057427,False
8,74,-0.01666221648927999,,,0.7686918540740164,False
8,75,9.728237134888976e-05,,,0.7686953837002147,False
8,76,0.003689925692546943,,,0.768698153819523,False
8,77,0.01553750549911668,,,0.7687080092017381,False
8,78,-0.00820826400186164,,,0.768691591367866,False
8,79,0.022288270101478932,,,0.7686897550258646,False
8,80,-0.00405740902830024,,,0.7686962056323288,False
8,81,-0.0091999994524205,,,0.7686940129463411,False
8,82,-0.027211479257931034,,,0.7686576008334807,False
8,83,0.006711500701130581,,,0.7686968480919243,False
8,84,-0.008447008060956662,,,0.7687042610872562,False
8,85,-0.006133388341405066,,,0.7687050049878404,False
8,86,0.008552811284968128,,,0.7687047188722311,False
8,87,0.007860072259145999,,,0.7686925693630396,False
8,88,-0.024075285928845867,,,0.7686941820146557,False
8,89,-0.0166671764120403,,,0.7687108287410152,False
8,90,-0.011625426678753818,,,0.7686842329946049,False
8,91,0.005131775035146523,0.0119626015285132,0.006830826493366677,0.7686967726614455,True
8,92,0.002460834278827848,,,0.7686949623299538,False
8,93,0.0046425120209299935,,,0.7686964215195613,False
8,94,0.001238745147014407,,,0.7686953472855008,False
8,95,-0.00907519733623217,,,0.7686922858484813,False
8,96,-0.010105519402359658,,,0.7687004947654174,False
8,97,-0.004165265108629549,,,0.7686993607071843,False
8,98,0.019919909032591505,,,0.7687083057215514,False
8,99,0.034194268503448595,0.1890305967949486,0.1548363282915,0.7687652843446188,True
9,10,0.011080788393528366,,,0.7686951600098293,False
9,11,0.02043324163206819,,,0.768722002856084,False
9,12,0.012025556395108966,,,0.7686947802563843,False
9,13,0.0029108597726543763,,,0.7686947282353644,False
9,14,-0.026120119395590394,-0.0977349159119753,0.07161479651638492,0.7687666967153083,True
9,15,-0.02244621740656279,,,0.7687266041152919,False
9,16,0.007543176248805565,,,0.7686975295672848,False
9,17,-0.00903101205176516,-0.0991399775933164,0.09010896554155123,0.7686861603733912,True
9,18,-0.012930852293139394,,,0.7686951001856566,False
9,19,0.006585265011019213,,,0.7686975139609785,False
9,20,-0.011998850545627791,,,0.7686982812710217,False
9,21,0.018315618073723568,,,0.7687078401334235,False
9,22,-0.004134978381234625,,,0.7686926760061306,False
9,23,0.034365474890546546,,,0.7687203277792442,False
9,24,0.0029397623922595498,,,0.7686970041549839,False
9,25,0.025022908684853136,,,0.7687310102956751,False
9,26,0.0153699239479058,0.0595921902364573,0.0442222662885515,0.7686814472689908,True
9,27,0.02200562734891669,,,0.7687469911529802,False
9,28,-0.010775068504418513,,,0.768698572588733,False
9,29,-0.008361004940080628,,,0.7686947802563842,False
9,30,0.0037475362437195073,,,0.7686949623299537,False
9,31,0.0053342518087837985,,,0.7686968793045361,False
9,32,-0.012853256874672894,,,0.7687021906506653,False
9,33,-0.016358296044159833,,,0.7686896795953856,False
9,34,-0.009272411074976585,,,0.7686852448034416,False
9,35,0.010930734196077924,0.0198618746932001,0.008931140497122176,0.7686979769480554,True
9,36,0.004967019231533074,,,0.7686879368912198,False
9,37,-0.0008655233045966812,,,0.7686952718550221,False
9,38,-0.008142355512288786,,,0.7687014779626931,False
9,39,-0.008009655866476856,,,0.7686968715013832,False
9,40,0.028184381286869082,,,0.7687300401036544,False
9,41,-0.025415122050884913,,,0.768717092071808,False
9,42,-0.0017589367366199551,,,0.7686945461617949,False
9,43,-0.028725941707704764,,,0.7687216569163019,False
9,44,-0.003025685592462926,,,0.7686841341546672,False
9,45,-0.0036273848541123013,,,0.7686889330937505,False
9,46,0.0031597312553854635,,,0.7686919243023932,False
9,47,-0.023911415113388568,,,0.7687304666760175,False
9,48,-0.01629342246747245,,,0.7686935135445504,False
9,49,-0.01827907293805268,,,0.768721667320506,False
9,50,0.002698283512974284,,,0.7686972278453693,False
9,51,-0.012691607103910306,,,0.7687126832903738,False
9,52,0.015885207373143386,,,0.7686799542657204,False
9,53,0.0053923216830402965,,,0.7687026432335381,False
9,54,0.012045011275025568,0.136873867307826,0.12482885603280043,0.7686929855311987,True
9,55,0.002052447246096732,,,0.7686942028230637,False
9,56,0.0010568324798550782,,,0.7686947932616391,False
9,57,-0.019802628639160436,,,0.7687012620754605,False
9,58,-0.009198794764279757,,,0.7686965073542441,False
9,59,-0.007879824909405435,,,0.7687032050605527,False
9,60,-0.042259421681741814,,,0.7687960729852308,False
9,61,-0.0201007865863212,,,0.7686712719575034,False
9,62,0.007717026149748871,,,0.7687010227787691,False
9,63,0.004168293193553779,,,0.7686954409233366,False
9,64,-0.014137806159363223,,,0.76867390682216,False
9,65,-0.002600601356919188,,,0.7686935525603151,False
9,66,-0.005288493473423039,,,0.7686990875968298,False
9,67,-0.004741693492930608,,,0.7686956906242319,False
9,68,0.005468049018884127,,,0.7687006898442419,False
9,69,0.025650335419360144,,,0.7686946970227525,False
9,70,-0.00023710852905803326,,,0.7686948140700471,False
9,71,0.004168888781140755,,,0.7686949493246988,False
9,72,-0.012099953674619982,,,0.7686886703876,False
9,73,-0.00562718852295168,-0.0076485466382211,0.00202135811526942,0.7686967336456806,True
9,74,-0.014620278684518793,,,0.7687036940581395,False
9,75,0.03562945897191721,,,0.7688032024660044,False
9,76,0.005155608388939838,,,0.768697451535755,False
9,77,0.03090638457615642,,,0.7687181715079704,False
9,78,0.003362960862173958,,,0.7686953082697362,False
9,79,0.002244721977391816,,,0.7686958284799349,False
9,80,-0.006234663658880748,,,0.7686980107617185,False
9,81,-0.005738518606187645,,,0.7686936982191709,False
9,82,0.025206301266305173,,,0.7687469365309095,False
9,83,-0.024363693175606202,,,0.7687186032824354,False
9,84,-0.008540311445629986,,,0.7687015299837129,False
9,85,-0.0006465490696690463,,,0.7686958544904446,False
9,86,-0.0011236906214913325,,,0.7686944343166022,False
9,87,-0.01008017358234483,,,0.7686966452099467,False
9,88,-0.0006634604616878991,,,0.768695331679195,False
9,89,0.03038099041097561,,,0.7687216257036901,False
9,90,-0.009573010150352614,,,0.7687012542723076,False
9,91,0.032604283806466405,,,0.768720720537944,False
9,92,0.003292650457759859,,,0.7686949831383618,False
9,93,0.02482549972519036,0.0982096932423621,0.07338419351717174,0.7687104021686522,True
9,94,0.010041993302904444,,,0.768694064967361,False
9,95,0.009863288988837697,,,0.76869942833451,False
9,96,0.011027488130429024,,,0.7687037070633944,False
9,97,-0.013171363496276735,,,0.7687062092744504,False
9,98,0.020002935143412573,,,0.7687159294020139,False
9,99,0.007295975423370086,,,0.7686972772653382,False
10,11,0.014213119421448494,-0.0173555235050445,0.031568642926492994,0.7687119419908406,True
10,12,0.006084272359825503,,,0.76869154975105,False
10,13,-0.02107599731028492,,,0.7687137367160262,False
10,14,0.008911078481036644,,,0.7686808438251601,False
10,15,-0.000616607680456452,,,0.7686952874613281,False
10,16,-0.012940217778271177,-0.0810867211385185,0.06814650336024733,0.7687053821402345,True
10,17,0.007023786675171976,,,0.7686983176857356,False
10,18,-0.011894716544347496,,,0.7686819726812915,False
10,19,-0.00481143041192878,,,0.7686974723441626,False
10,20,-0.004318816556823747,,,0.7686996702322524,False
10,21,-0.019189705098227094,,,0.7687235218698645,False
10,22,-0.015881581751190827,,,0.7686872788253185,False
10,23,-0.0033954959842581716,,,0.7686991890378185,False
10,24,-0.026006133151550717,-0.3894577506276082,0.3634516174760575,0.7687091484620733,True
10,25,-0.0028129909199430623,,,0.7686936253897432,False
10,26,-0.01288804096148326,0.0804891669088938,0.09337720787037705,0.7687148317584945,True
10,27,0.003468566129021394,,,0.7686981252079621,False
10,28,-0.005940697113376085,,,0.768707267902205,False
10,29,-0.0033406157719394237,,,0.7687009785609022,False
10,30,-0.003104561607683022,,,0.7686946189912226,False
10,31,-0.00262980944868258,,,0.7686955137527645,False
10,32,0.02159131324053638,,,0.7686571820642708,False
10,33,-0.02628849750553247,,,0.7687197607501275,False
10,34,-0.015855971641249272,,,0.7687048879405456,False
10,35,-0.022440119936405503,,,0.7687058581325665,False
10,36,0.001262208066019413,,,0.7686931259879521,False
10,37,0.009531034902171316,,,0.7686925771661927,False
10,38,-0.0008457116967700191,,,0.7686953628918068,False
10,39,0.013686269291377128,,,0.7687104333812642,False
10,40,0.005703187997724577,,,0.7686978260870978,False
10,41,-0.0083441859871021,,,0.7686887744296399,False
10,42,-0.024025661444695146,-0.0871390941286063,0.06311343268391116,0.7687211705197661,True
10,43,-0.00823128761569759,,,0.768705634442181,False
10,44,0.022760188509971184,,,0.7687846907860825,False
10,45,-0.006716703312948509,,,0.7686956334011102,False
10,46,-0.002438980878921071,,,0.7687003621118167,False
10,47,-0.0007184394057793784,,,0.7686959663356374,False
10,48,-0.01913049954571285,,,0.7687112136965623,False
10,49,0.0108007677964761,,,0.76868751812201,False
10,50,-0.017337091149729693,,,0.7687120720433903,False
10,51,-0.0011266001865699587,,,0.7686957842620679,False
10,52,-0.012080213272277047,,,0.7687129043797081,False
10,53,-0.007730370307785661,,,0.7686894142881844,False
10,54,0.005034866264953537,,,0.768689143778881,False
10,55,-0.002793599139068818,,,0.7686961484092069,False
10,56,-0.013620718302059936,,,0.7687045524049675,False
10,57,-0.00582625427993092,,,0.7686901243751055,False
10,58,-0.003281832412503567,,,0.7686982396542059,False
10,59,-0.024310821948824897,,,0.7687354190771094,False
10,60,0.0058770620430365975,,,0.7686872866284715,False
10,61,-0.007934791310730627,,,0.7686814134553278,False
10,62,0.0009749125870782797,,,0.7686947282353644,False
10,63,-0.023094987460864046,,,0.7687808880495298,False
10,64,-0.010107746635863356,,,0.768683845438007,False
10,65,-0.00570095515720398,,,0.7686957296399969,False
10,66,-0.016948837356177377,,,0.7687034625646012,False
10,67,-7.226867148002816e-05,,,0.7686950559677896,False
10,68,-0.01118787043857944,,,0.7686983905151635,False
10,69,-0.005555364384032453,,,0.7687042428798992,False
10,70,0.01722424230684068,0.1794408174498321,0.16221657514299143,0.7687414639196187,True
10,71,0.0064380278625253695,,,0.7686918540740163,False
10,72,-0.010751602303700283,,,0.7687119627992485,False
10,73,0.009582930175807549,,,0.7686955735769373,False
10,74,-0.020677020090247307,,,0.7687241201115927,False
10,75,0.008901718539852131,,,0.7686996806364566,False
10,76,-0.024739804362206665,-0.1464443279183104,0.12170452355610376,0.7687087843149343,True
10,77,0.0032824304139662114,,,0.7686941794136047,False
10,78,-0.015907611753681394,,,0.7687084955982739,False
10,79,-0.012153832698930556,,,0.7687189986421863,False
10,80,-0.01475276487225859,,,0.7687085970392628,False
10,81,0.010052868772852375,,,0.7686881579805545,False
10,82,-0.0032629683603224956,,,0.7686874270852252,False
10,83,-0.00352465560683881,,,0.7687014129364179,False
10,84,-0.009118561775333805,-0.1142633876152593,0.10514482583992549,0.7687085606245487,True
10,85,0.009776874122167233,,,0.768676422038471,False
10,86,-0.005127050805447321,,,0.7686936071823861,False
10,87,-0.038871701789810725,,,0.7687476154052189,False
10,88,-0.017944511089833432,,,0.7687079831912281,False
10,89,-0.012253107778720804,,,0.7687093565461528,False
10,90,0.005877458028539735,,,0.7686967622572415,False
10,91,-0.014932463409763105,,,0.7687143505640608,False
10,92,-0.010570970064655997,,,0.7687109587935649,False
10,93,-0.0032849013914392003,,,0.7686984217277755,False
10,94,-0.0018436256458715184,,,0.7686970691812587,False
10,95,-0.00475309176878808,,,0.7686988014812206,False
10,96,-0.021737121864866895,,,0.7687364256838439,False
10,97,-0.014884609631823845,,,0.7687159294020138,False
10,98,0.004147753531019695,,,0.7686936930170689,False
10,99,-0.009290547372901727,,,0.7686896952016917,False
11,12,0.003347378478452446,,,0.7686976830292933,False
11,13,-0.00929652682224788,,,0.7686996884396093,False
11,14,0.023188070946263177,,,0.7686936227886922,False
11,15,-0.006358121682926782,,,0.7687031010185131,False
11,16,-0.0009103133950385152,,,0.7686946163901718,False
11,17,0.014057231308265968,,,0.7687121838885829,False
11,18,0.015461035785562748,,,0.7687021880496143,False
11,19,0.01609085511012626,,,0.7687024169421016,False
11,20,-0.07373979368436845,-0.1360703042308577,0.06233051054648925,0.7688704240278847,True
11,21,-0.004594319111821458,,,0.7686955501674784,False
11,22,0.029210873347736477,,,0.768733577533006,False
11,23,-0.008498896062243957,,,0.7687033897351734,False
11,24,-0.003680459566504226,,,0.7686926734050794,False
11,25,-0.0233639660739624,,,0.768713341356275,False
11,26,-0.008886048696077248,,,0.7687008875241174,False
11,27,0.012329225756738116,,,0.7687222239454184,False
11,28,-0.0075504581210386786,,,0.7686932118226352,False
11,29,0.001344857077778443,,,0.768694881697373,False
11,30,-0.018008998187510616,,,0.7686970717823097,False
11,31,0.0037984859514805305,,,0.7686972174411653,False
11,32,0.034393125882055856,,,0.7687216647194549,False
11,33,-0.013837731534292123,,,0.7687020527949626,False
11,34,-0.024479812142432708,,,0.7686963070733176,False
11,35,-0.019366781307911213,,,0.7687099521868304,False
11,36,0.004276868647163788,,,0.768687916082812,False
11,37,0.008969726658407683,,,0.7687012490702055,False
11,38,0.009713609022623297,,,0.7686943718913782,False
11,39,-0.02289446910592477,,,0.7687070962328392,False
11,40,0.039076295534989126,0.0957758654598992,0.05669956992491008,0.7687457790632172,True
11,41,0.010336036790254608,,,0.7687182547416023,False
11,42,-0.013666718762132046,,,0.7687005259780293,False
11,43,0.009489479204453928,,,0.7687004141328366,False
11,44,-0.004643299463767993,,,0.7686889408969034,False
11,45,-0.02654798059960791,-0.0918735460315235,0.06532556543191559,0.7687067685004142,True
11,46,0.000713233389831076,,,0.7686940363558,False
11,47,0.02393229367062768,,,0.7686997534658842,False
11,48,0.0027389107051075893,,,0.7686963747006433,False
11,49,-0.03158535781058889,,,0.7687476778304426,False
11,50,0.007805103871785006,,,0.7686977142419052,False
11,51,-0.010784574160605243,,,0.7687138563643718,False
11,52,0.016798994724376105,,,0.7686864829037144,False
11,53,-0.002754977292748437,,,0.7686917084151608,False
11,54,0.013894420490861828,-0.0127404258464352,0.026634846337297027,0.7687019591571268,True
11,55,-0.002888600839518177,,,0.7686934563214286,False
11,56,0.0031988532405419906,,,0.7686971524148906,False
11,57,-0.01681220406949854,,,0.7686938282717206,False
11,58,-0.00885324010943105,,,0.7686999017257908,False
11,59,-0.01879967286167563,,,0.7687189362169625,False
11,60,0.012649534887273203,,,0.7686929907333007,False
11,61,0.00034350015408726037,,,0.7686947204322114,False
11,62,0.015798172016150823,,,0.7687031608426861,False
11,63,-0.002942057939723691,,,0.7686988248906794,False
11,64,0.039105138155984646,,,0.7688055850287145,False
11,65,-0.018916874028370875,-0.2109991680604994,0.1920822940321285,0.7686963356848785,True
11,66,-0.0026936262136933575,,,0.7686939349148113,False
11,67,-0.003034030491573877,,,0.7686975217641316,False
11,68,0.037749509171919444,,,0.7687424627232003,False
11,69,0.019749091733912462,,,0.768705969977759,False
11,70,-0.021140761701570636,,,0.7686820533138723,False
11,71,0.015037110781041878,,,0.7687128523586884,False
11,72,0.006536988267018524,,,0.7686905977663864,False
11,73,-0.005517860982955997,,,0.7686956724168751,False
11,74,-0.0046343616087135865,,,0.7686952380413592,False
11,75,0.036069038979761825,,,0.7687867560205714,False
11,76,-0.0050417395319187295,,,0.7686905119317036,False
11,77,0.00519514422768829,,,0.768696135403952,False
11,78,-0.011171573035185199,,,0.7687012646765115,False
11,79,0.03319034903215513,,,0.7687198908026771,False
11,80,-0.021028679286447964,,,0.7687108313420664,False
11,81,-0.02653260090359931,,,0.7687247391617295,False
11,82,0.03856945533852871,,,0.7688390059329323,False
11,83,-0.027823664885472763,,,0.7687118327466987,False
11,84,-0.0013426143193426242,,,0.7686950845793505,False
11,85,0.0007037261317734064,-0.0126022314956416,0.013305957627415006,0.7686955241569685,True
11,86,0.0178972480888816,,,0.76871544820758,False
11,87,-0.013063727904098286,,,0.7686999381405047,False
11,88,0.010929528466510139,,,0.7687011944481348,False
11,89,0.014694467027255534,,,0.7686901972045335,False
11,90,0.001949878119638539,,,0.7686928736860059,False
11,91,0.008524415861113362,,,0.7686978208849959,False
11,92,0.014483583921143283,,,0.7687083655457242,False
11,93,0.003356847472725499,,,0.7686973188821541,False
11,94,0.018292390650144368,,,0.7686924367094391,False
11,95,0.0011299133673837967,,,0.7686963590943374,False
11,96,-0.0012686301823763586,,,0.7686954123117757,False
11,97,0.02537828743340611,,,0.7687160204387986,False
11,98,0.006183201483328271,,,0.7687025079788865,False
11,99,-0.006037861684747174,,,0.768695706230538,False
12,13,-0.021049107433594012,,,0.7687135624456096,False
12,14,-0.00017386024743805146,,,0.7686957166347421,False
12,15,-0.02887623811889378,,,0.7687483957205168,False
12,16,0.011718552117265173,,,0.7686949207131379,False
12,17,-0.009839813184486483,,,0.768685850848323,False
12,18,0.007987181056623579,,,0.7687070624191763,False
12,19,-0.02528631521209155,,,0.7686998445026689,False
12,20,0.012621372093570737,,,0.7687037330739044,False
12,21,-0.008863451648177277,,,0.7686995297754987,False
12,22,-0.014665492469257427,,,0.7687080300101461,False
12,23,0.03150947006322121,,,0.7687033247088984,False
12,24,-8.22745063997106e-06,,,0.7686950533667386,False
12,25,-0.0060052716970689455,,,0.7686952458445122,False
12,26,-0.013473104484363889,,,0.7687130136238499,False
12,27,-0.009665253474806143,,,0.7686849690920362,False
12,28,0.008203339597178012,,,0.7686945097470809,False
12,29,-0.010176076695889989,,,0.7687149774173502,False
12,30,-0.004656990236738731,0.1657768631399618,0.17043385337670053,0.7686909671156277,True
12,31,-0.01935474527753568,,,0.7687045472028655,False
12,32,0.000559670040516826,,,0.7686942184293697,False
12,33,-0.014748786010691127,,,0.7686873100379304,False
12,34,-0.016671386158127792,,,0.7687226557198835,False
12,35,0.0037484041878227993,,,0.7686944239123982,False
12,36,0.021334991962967766,,,0.7686687177254278,False
12,37,-0.002974606675070001,,,0.7686956984273852,False
12,38,-0.0004548758254582213,0.0067072461254757,0.0071621219509339215,0.7686951287972175,True
12,39,0.03258372435542871,,,0.768750372519272,False
12,40,0.02090401469693205,,,0.7687185096445996,False
12,41,0.0005330618427577213,,,0.7686955189548665,False
12,42,-0.017254047655497845,,,0.7687009473482903,False
12,43,0.015574860056393254,0.0335520452796989,0.017977185223305645,0.7686921037749117,True
12,44,-0.005419465692907636,,,0.7686801363392899,False
12,45,0.013766971832002001,,,0.7687219508350642,False
12,46,-0.012198345486400503,,,0.7687292727936114,False
12,47,-0.008339491807139237,,,0.7687060402061359,False
12,48,-0.00813623171136131,,,0.768699001762147,False
12,49,0.018707662087878236,,,0.7686972850684912,False
12,50,-0.026581308802706462,,,0.768732264002254,False
12,51,0.001616766699798443,,,0.7686932170247371,False
12,52,0.010966688509923564,,,0.7686864594942556,False
12,53,-0.0057406145705308,,,0.7686895261333773,False
12,54,0.023524041847957165,0.2370139765628817,0.21348993471492453,0.7686794028429097,True
12,55,0.0019836823257487098,0.2688362385161017,0.26685255619035303,0.7686941664083498,True
12,56,0.010267234231340452,0.1908831402590637,0.18061590602772323,0.7686906445853043,True
12,57,-0.0018329594334502188,,,0.7686927618408131,False
12,58,-0.02885082318983935,,,0.7687341965831423,False
12,59,-0.007140298398723131,,,0.7686973917115818,False
12,60,-0.0033913313880263255,,,0.7687012620754604,False
12,61,0.00034334398868361444,,,0.7686954903433055,False
12,62,0.017016847679104823,,,0.768704796903761,False
12,63,-0.016130118840903804,,,0.7687482396574572,False
12,64,-0.013248254192613823,,,0.7686934537203775,False
12,65,0.0033629844690972856,,,0.7686959117135665,False
12,66,-0.024804792074724732,,,0.7686998887205359,False
12,67,-0.005194501824659336,,,0.7686999823583717,False
12,68,0.01256713742866038,,,0.7687079623828201,False
12,69,0.004042238904613548,,,0.7686920959717588,False
12,70,-0.005473042940152387,,,0.7686835229076836,False
12,71,-0.006533454066029796,,,0.768697789672384,False
12,72,-0.016076058991530504,,,0.7687112371060213,False
12,73,-0.0024619400111688325,,,0.7686949519257499,False
12,74,0.002845968226468657,,,0.7686926187830085,False
12,75,-0.0063182176948590185,,,0.7686921141791159,False
12,76,-0.0058272153341541255,,,0.768696140606054,False
12,77,0.012672026443340818,,,0.7687028097008017,False
12,78,-0.014643167781956326,,,0.7687046746543642,False
12,79,0.009773457674384808,-0.104334052822986,0.1141075104973708,0.7686940675684121,True
12,80,-0.014367452810919973,,,0.7687113073343981,False
12,81,-0.009883749940000033,,,0.7687105270190999,False
12,82,-0.007290027517862903,,,0.7686812990090842,False
12,83,-0.011200668173035638,,,0.768708391556234,False
12,84,-0.0007825236835071522,,,0.768696067776626,False
12,85,0.00575452964074012,,,0.7686817906077219,False
12,86,-0.018068440128417122,,,0.7687118743635146,False
12,87,-0.018778628945234854,,,0.7687132997394591,False
12,88,0.012003498996656226,,,0.7687087895170361,False
12,89,2.898900273998672e-06,,,0.7686949961436169,False
12,90,0.013679728638077468,,,0.7687148083490356,False
12,91,-0.003845726966931714,,,0.7686959013093625,False
12,92,0.013846381953145998,,,0.7686802741949926,False
12,93,-0.014118791516392086,,,0.7687075488157122,False
12,94,-0.018530311012477166,,,0.7687207283410973,False
12,95,-0.0018264122545171568,,,0.7686956177948043,False
12,96,-0.0198647538294796,,,0.7687293456230392,False
12,97,-0.004268213121335801,,,0.7687019305455659,False
12,98,-0.005157177112114345,-0.152984113256311,0.14782693614419665,0.7686982708668179,True
12,99,-0.004747609673047428,,,0.7686988196885775,False
13,14,0.0036624165393392616,,,0.7686868522529555,False
13,15,0.0006542682755969025,,,0.7686944005029392,False
13,16,0.009703635040172834,0.111574810136073,0.10187117509590016,0.7686934823319385,True
13,17,0.00313659106424536,,,0.7686981017985033,False
13,18,0.008220013505242981,,,0.768711741709914,False
13,19,-0.010003026878558932,,,0.7686929309091278,False
13,20,-0.013774296974797455,,,0.7687153961865603,False
13,21,-0.00937041156793533,,,0.7686974255252449,False
13,22,-0.007146032095577714,,,0.7686925693630396,False
13,23,0.00046440540088759155,,,0.7686946267943756,False
13,24,-0.00042222263517452396,,,0.7686950949835545,False
13,25,-0.004960398654255531,,,0.7686935135445505,False
13,26,-0.015789456247504927,,,0.7687102461055927,False
13,27,0.0036477273241948965,,,0.7687011450281658,False
13,28,0.0010604877743421752,,,0.7686950481646366,False
13,29,-0.011156676292681352,,,0.7687201899235415,False
13,30,-0.005281978018205144,,,0.7686898434615984,False
13,31,0.0058928172826742415,,,0.7686952328392571,False
13,32,-0.0029640563938080136,,,0.7686983228878377,False
13,33,-0.017687716540234856,,,0.7686898746742103,False
13,34,-0.00363727466143993,,,0.7686961822228698,False
13,35,-0.012850075991613143,-0.0128997191048263,4.964311321315612e-05,0.768694892101577,True
13,36,-0.0023136334863509064,,,0.7686997248543233,False
13,37,-0.000612550823032118,,,0.7686948374795061,False
13,38,-0.0008580273731211962,,,0.7686949597289029,False
13,39,0.009784221757183173,,,0.7687019695613307,False
13,40,0.02346088158118769,,,0.768731884248809,False
13,41,-0.0040235017582454565,,,0.7686891567841361,False
13,42,-0.018965744322809862,0.0297572640874983,0.04872300841030816,0.768705611032722,True
13,43,-0.0008514198413712443,,,0.7686947880595372,False
13,44,-0.011456948967246274,,,0.7686585424139404,False
13,45,-0.0036155793406437283,,,0.7686912142154719,False
13,46,-0.006507930052426617,,,0.7687124335894784,False
13,47,-0.02046999329298025,,,0.7687238053844228,False
13,48,-0.001255536354956871,,,0.7686956854221301,False
13,49,0.011213857153645692,,,0.7686917240214669,False
13,50,-0.017397857612076042,,,0.7687124830094472,False
13,51,-0.004405743656002018,,,0.7686987728696595,False
13,52,0.0009599156139586291,,,0.768693279449961,False
13,53,-0.0015832796729871833,,,0.7686927228250482,False
13,54,-0.005803603692563143,,,0.7687023987347448,False
13,55,-0.0036654773409056877,,,0.7686946059859676,False
13,56,-0.008205518478198368,,,0.768698226648951,False
13,57,-0.010217898200853743,,,0.7686870889485959,False
13,58,-0.014382381763785904,,,0.7687019097371579,False
13,59,-0.002439967516151003,0.2119238658858503,0.2143638334020013,0.768697784470282,True
13,60,-0.000766469456077677,,,0.768695703629487,False
13,61,-0.0014578986503363334,,,0.7686925667619886,False
13,62,0.006545631259834844,,,0.7686950247551777,False
13,63,-0.013087449462143703,,,0.7687333668478753,False
13,64,-0.004078360893028981,0.0506198181036912,0.05469817899672018,0.7686910035303416,True
13,65,-3.6893404140994623e-05,,,0.7686949545268009,False
13,66,-0.010558939051358017,,,0.7686941013820751,False
13,67,-0.008276484838449697,,,0.7687087531023223,False
13,68,-0.007936933962707914,,,0.7686985803918861,False
13,69,0.007730584356037409,,,0.7686900125299128,False
13,70,-0.0017362540292246327,,,0.7686902388213492,False
13,71,-0.01895688271827501,,,0.7687007340621088,False
13,72,0.003458751076855728,,,0.7686944941407748,False
13,73,-0.0021998044990265246,,,0.7686948114689962,False
13,74,-0.016676823365282756,,,0.7687088701496169,False
13,75,-0.007155851487537989,,,0.7686897420206096,False
13,76,0.013375341971285872,,,0.7686985101635092,False
13,77,-0.0009828223175063627,,,0.7686947230332625,False
13,78,-0.010385899723141639,,,0.7686984477382854,False
13,79,0.01020721328629723,,,0.7686836659654884,False
13,80,-0.015571374206750442,,,0.768721641309996,False
13,81,-0.010166495812016427,,,0.7687094319766317,False
13,82,-0.004790469890445766,,,0.7686860381239945,False
13,83,-0.005922779453361103,,,0.7686986064023962,False
13,84,-0.009347554084640101,,,0.7687111642765935,False
13,85,0.0035248381598544823,0.001127407080843,0.0023974310790114825,0.768686672780437,True
13,86,0.0018638134420224696,,,0.7686947594479763,False
13,87,-0.015336447331792158,,,0.7687129798101869,False
13,88,-0.007515246908952243,,,0.7686947828574352,False
13,89,0.00023090475168969322,,,0.7686946710122426,False
13,90,0.0036597996304689392,,,0.768697781869231,False
13,91,0.0068106494305461285,,,0.7686924731241529,False
13,92,-0.0021781564844205355,-0.10135182775725,0.09917367127282947,0.7686962706586037,True
13,93,-0.010865069849232923,,,0.7687044639692338,False
13,94,-0.011479621323161323,-0.1146162074327437,0.10313658610958237,0.7687075800283242,True
13,95,0.005383750707342849,,,0.7686935187466523,False
13,96,-0.016837438078221443,,,0.7687188113665149,False
13,97,-0.0037312752154718314,,,0.7687013245006844,False
13,98,0.005347408875993604,,,0.768692483528357,False
13,99,-0.008554699685511103,,,0.7686987910770167,False
14,15,0.008919544229369905,0.0089804995309024,6.095530153249484e-05,0.7686744322344607,True
14,16,0.001903784043344692,,,0.7686907720368031,False
14,17,-0.004873137712017294,,,0.7687026536377422,False
14,18,-0.014571080162328514,,,0.7687013739206533,False
14,19,-0.012015545210638672,,,0.7687177631429645,False
14,20,-0.027227669336226803,,,0.7687513791260066,False
14,21,-0.04682027401220419,,,0.7688721147110306,False
14,22,-0.021847537294415294,,,0.7687313510333553,False
14,23,0.025631106777648273,,,0.7686712095322797,False
14,24,-0.0019578763456472065,,,0.7686995869986206,False
14,25,0.005234322102536418,,,0.7686926656019264,False
14,26,-0.004554649845977568,,,0.7687086126455687,False
14,27,-0.009831941400548255,,,0.7686947438416704,False
14,28,-0.01980262131016567,,,0.7687472668643855,False
14,29,0.01623406371354907,,,0.7686527836870405,False
14,30,-0.019223957802365733,,,0.7687227493577191,False
14,31,0.006230402634394325,,,0.7686866831846411,False
14,32,0.007731060662715959,,,0.7686800505046072,False
14,33,-0.016343293101239713,,,0.7687037850949245,False
14,34,0.00951677649973036,0.0666928074166774,0.057176030916947035,0.7686791557430653,True
14,35,-0.012415810056371343,-0.1155249717471859,0.10310916169081456,0.7687225490767927,True
14,36,0.009628479318531655,,,0.7686691468988417,False
14,37,-0.015223424225368877,,,0.7687171987148987,False
14,38,0.03825198536333808,0.1974997480888372,0.15924776272549912,0.7686865531320913,True
14,39,-0.013884063883428928,,,0.7687174041979272,False
14,40,0.0191134575962726,,,0.7686775612988063,False
14,41,-0.02224634855259621,,,0.7687245804976187,False
14,42,0.002258271699316032,,,0.7686898720731592,False
14,43,-0.002333612860171525,,,0.7687009395451373,False
14,44,-0.014683902248635092,,,0.7686964397269181,False
14,45,-0.023076564821982774,,,0.7687121266654611,False
14,46,0.01611092906156163,,,0.76864723304422,False
14,47,0.018337517455821763,0.1498361152400497,0.13149859778422793,0.7686949181120869,True
14,48,0.025813176621898942,,,0.7687000577888505,False
14,49,0.020061692482489162,,,0.7686875883503869,False
14,50,-0.012327609884045434,,,0.7687193471830195,False
14,51,0.006094619661164997,,,0.7686843994618685,False
14,52,-0.011655604341235703,,,0.7687305291012413,False
14,53,-0.002553145608115192,,,0.7686966972309667,False
14,54,-0.0059421706492727095,,,0.7687175992767517,False
14,55,0.025675692631222224,,,0.7686631774868112,False
14,56,-0.00415708976750158,,,0.7687062925080822,False
14,57,-0.009834170931005505,,,0.7687031556405839,False
14,58,-0.0041237123230572215,,,0.7687033975383263,False
14,59,-0.05810609899395654,-0.2063455704917005,0.14823947149774397,0.7689462680738092,True
14,60,0.02280872886592502,,,0.7686742787724523,False
14,61,-0.0010848660482972589,-0.1296062576410247,0.12852139159272746,0.7686962914670117,True
14,62,-0.02226365664538451,,,0.7687304354634056,False
14,63,-0.015740880943293154,,,0.7687707699611643,False
14,64,-0.006441105618407389,,,0.7686966660183547,False
14,65,0.011323382315927874,,,0.7686800817172191,False
14,66,-0.02288948661770913,,,0.7687401737983259,False
14,67,-0.0010227257382680911,,,0.7686982890741747,False
14,68,0.036183305857844454,,,0.7687151672940726,False
14,69,0.021939940862608358,,,0.7686832628025843,False
14,70,-0.008865349222288557,,,0.7686865375257853,False
14,71,-0.0024681130129623917,,,0.7687003959254796,False
14,72,0.006860091069517252,,,0.7686832003773605,False
14,73,-0.0011013955561272883,,,0.7686968558950772,False
14,74,-0.012074839565803252,,,0.7687275196852417,False
14,75,-0.022311870210212092,,,0.7687291843578776,False
14,76,-0.0031625136473137664,,,0.768700627419018,False
14,77,-0.009993664312712296,,,0.7687134245899069,False
14,78,-0.0007770930500417793,,,0.7686968506929752,False
14,79,0.005655082240999627,,,0.7686849300762713,False
14,80,-0.015995679269409202,,,0.7687229366333909,False
14,81,0.00986090343937179,,,0.7686860277197907,False
14,82,0.02095406689516382,,,0.7687079467765142,False
14,83,-0.022958753489423285,,,0.7687368756656658,False
14,84,0.016985848911998728,,,0.7686671414885256,False
14,85,0.017478521638940425,,,0.7686587114822551,False
14,86,-0.02700295255283501,,,0.7687648343627967,False
14,87,-0.04395701905341588,,,0.7688580794398688,False
14,88,-0.017022633680146625,,,0.7687206607137712,False
14,89,0.027734578121077772,,,0.7686879707048828,False
14,90,0.00037041971124632776,,,0.7686948400805572,False
14,91,-0.02000682923761135,,,0.7687510019736125,False
14,92,0.016532581706817817,0.1193455998829815,0.10281301817616369,0.7686560323997316,True
14,93,-0.0018737829208603746,,,0.7687004375422956,False
14,94,0.006576664039842305,,,0.7686817281824981,False
14,95,0.0005182201248141276,,,0.7686934875340404,False
14,96,-0.016356011100667256,-0.0460293940816956,0.029673382981028347,0.7687296655523114,True
14,97,0.03506539367738469,,,0.768659575031185,False
14,98,-0.0013734838348368923,,,0.768696902713995,False
14,99,0.005059429706634039,,,0.7686916720004469,False
15,16,-0.002529936198637098,,,0.7686985309719173,False
15,17,-0.007658275293599758,,,0.7686914196985004,False
15,18,0.0005074110518288235,,,0.7686956047895492,False
15,19,-0.020547772543281564,,,0.7687181220880015,False
15,20,-0.004693104963675103,,,0.7686982578615629,False
15,21,-0.008557468191868207,,,0.7687011996502366,False
15,22,0.014667538386909167,,,0.7687104099718052,False
15,23,0.0046495708068827616,,,0.7686894689102552,False
15,24,0.0004250258740515888,-0.0028353662821099,0.0032603921561614887,0.7686949779362598,True
15,25,-0.011074744180069885,,,0.7686967154383236,False
15,26,-0.002235352492511002,,,0.7686972668611342,False
15,27,-0.019136552420379642,,,0.7686838142253951,False
15,28,-0.005822466369026429,,,0.7687020814065235,False
15,29,0.0011672310425849888,,,0.7686918098561494,False
15,30,0.004435732660407716,,,0.7686944499229081,False
15,31,5.3823340748339365e-05,,,0.7686949597289028,False
15,32,0.0007897019970072982,,,0.768694057164208,False
15,33,-0.005880873318039093,,,0.7686922026148495,False
15,34,-0.006041435389446941,-0.0372711928625348,0.03122975747308786,0.7687001202140743,True
15,35,-0.009854227696121674,,,0.7687050388015033,False
15,36,-0.010987526406553077,-0.0007219206097887,0.010265605796764377,0.7687236493213631,True
15,37,0.04693856755155072,,,0.7687946632155922,False
15,38,0.0023053947324124194,,,0.7686939063032505,False
15,39,0.001940206183833346,-0.0067406340160039,0.008680840199837246,0.768694525353387,True
15,40,0.022806408682254975,,,0.7686881813900134,False
15,41,0.00019237936348981996,,,0.768695357689705,False
15,42,-0.009264387086190082,,,0.7687007548705168,False
15,43,-0.01001975123504442,,,0.7687068933508618,False
15,44,-0.008971231307205403,,,0.7686750408803933,False
15,45,-0.0022716192696350963,,,0.7686945019439279,False
15,46,-0.0070988953103086234,,,0.7687119055761266,False
15,47,-0.0032840635738302267,,,0.7686984529403873,False
15,48,-0.008301693294168324,,,0.7687061624555326,False
15,49,-0.021864757097080634,,,0.7687452042309476,False
15,50,-0.008901781703892735,,,0.7687037720896694,False
15,51,-0.019793654016888738,,,0.7687140826558083,False
15,52,-0.010228198027806739,,,0.7687233397962948,False
15,53,-0.009625317232240875,,,0.7686910217376984,False
15,54,-0.002870584571004627,,,0.768700234660318,False
15,55,0.013665525449391832,,,0.7686826567577028,False
15,56,0.0003154316120324262,,,0.768694933718393,False
15,57,-0.028557864055885833,,,0.7687182443373982,False
15,58,-0.007191626056112631,,,0.7687009915661571,False
15,59,0.021796616881450282,,,0.7686922000137986,False
15,60,0.004020878099475588,,,0.7686882308099823,False
15,61,0.007197956621227122,,,0.7687027394724248,False
15,62,0.02344141026551898,,,0.7687129980175439,False
15,63,0.018433698419925773,,,0.7686626026545417,False
15,64,-0.006082262482860781,,,0.7686915679584071,False
15,65,0.01623969874069302,,,0.7687093487429999,False
15,66,-0.010189886912740444,,,0.7686996260143855,False
15,67,0.0019888615174257114,,,0.768693716426528,False
15,68,0.020048213628350502,,,0.7686683873919516,False
15,69,-0.015898137684769945,,,0.7687131878942666,False
15,70,-0.014994428918670078,,,0.7686653883801557,False
15,71,-0.0008091499000245201,,,0.7686958883041076,False
15,72,-0.02088707958032452,,,0.7687083317320613,False
15,73,0.009108915321870158,,,0.7686893050440425,False
15,74,-0.01973879388766658,,,0.7687150606509819,False
15,75,-0.0004387417129784637,,,0.7686943926997861,False
15,76,0.004801774796034992,,,0.7686931572005642,False
15,77,-0.008526138392650505,,,0.7686982578615628,False
15,78,-0.0021478549752590734,,,0.7686984191267244,False
15,79,-0.0009313865626683331,,,0.7686962316428388,False
15,80,-0.014392600658162481,,,0.7686935811718761,False
15,81,0.005834721502267236,,,0.7686927332292524,False
15,82,0.004674400293976248,,,0.7687016262225996,False
15,83,0.0060785778140684844,,,0.7686887172065181,False
15,84,-0.0045928502312669785,,,0.7687007782799757,False
15,85,0.032814313018448435,0.2209975338325216,0.18818322081407318,0.7686843994618685,True
15,86,-0.002142143582115518,,,0.7686971680211964,False
15,87,-0.01987793414799585,,,0.7687173209642956,False
15,88,-0.014576299772657387,,,0.7686991370167988,False
15,89,-0.02014555562686353,,,0.7687169620192583,False
15,90,-0.03268302266767146,,,0.7687427098230446,False
15,91,0.0009197205155325472,,,0.7686931780089722,False
15,92,0.0065769668517311015,0.0101052464257576,0.003528279574026498,0.7686877912323642,True
15,93,0.004818041518986417,,,0.7686917604361806,False
15,94,0.002460382923991088,,,0.7686901581887685,False
15,95,-0.0005375029046748763,,,0.7686953810991638,False
15,96,-0.015675746749703304,,,0.7687157291210873,False
15,97,0.014352201518456821,,,0.768669877794171,False
15,98,-0.005893836867540161,,,0.7687032102626546,False
15,99,0.020152030896084583,,,0.7687020189812996,False
16,17,0.02381424074176534,,,0.768735590746475,False
16,18,0.004816476438451896,,,0.7687032310710629,False
16,19,-0.006417806224148621,,,0.7686942496419816,False
16,20,-0.029876322132486838,-0.1455165248428719,0.11564020271038505,0.7687592264968545,True
16,21,-0.008471983777899957,,,0.7686972434516753,False
16,22,0.010131572582706413,0.0793497486756315,0.06921817609292509,0.768702325905317,True
16,23,0.020583896654280117,,,0.7686872242032478,False
16,24,0.03176423045554107,,,0.7687185668677214,False
16,25,-0.005893956707044644,,,0.7686954565296428,False
16,26,-0.020651263082355986,,,0.7687127691250566,False
16,27,-0.004282508334071232,,,0.768688735413875,False
16,28,-0.01942417109679509,,,0.7687169386097994,False
16,29,-0.009555549704879896,,,0.7687165016332326,False
16,30,0.003841912669578555,,,0.7686987156465378,False
16,31,0.001492002655399451,,,0.7686951209940643,False
16,32,0.013813689880229813,,,0.768684266808268,False
16,33,0.0017406633590827947,,,0.7686960157556063,False
16,34,0.0092385456865645,,,0.7686986844339256,False
16,35,0.002068351917245812,,,0.7686952354403082,False
16,36,-0.003953396635287045,-0.1968146320696862,0.19286123543439915,0.7687042324756953,True
16,37,0.01983831338516724,,,0.7687135312329977,False
16,38,-0.0028144958385819055,,,0.7686954123117757,False
16,39,0.009062760426883901,,,0.7687007756789247,False
16,40,0.015687108822864865,,,0.7687146080681092,False
16,41,-0.011991818866828277,,,0.7686811117334125,False
16,42,0.005736777637300435,,,0.7686939739305763,False
16,43,0.011216699352111796,,,0.7686959221177706,False
16,44,-0.0017052645101160273,,,0.7686876871903245,False
16,45,0.008873187295416245,,,0.7687109796019729,False
16,46,-0.0013366419111686184,,,0.7686986246097529,False
16,47,-0.023590005037704486,-0.0496385973635802,0.026048592325875714,0.7687454721392,True
16,48,-0.0011371116072984803,,,0.7686958596925466,False
16,49,0.017258411325116647,,,0.7686918254624556,False
16,50,0.0013390938628580493,,,0.7686953342802461,False
16,51,-0.016894461729137604,,,0.7687304770802215,False
16,52,0.002617712015900102,,,0.7686909671156276,False
16,53,0.0010776951737962216,,,0.7686963981101025,False
16,54,0.007772685199885991,,,0.7686866441688761,False
16,55,0.008112904357813746,,,0.7686925173420198,False
16,56,0.010847177391945694,,,0.7686940285526471,False
16,57,-0.013158779877814818,,,0.7686855361211526,False
16,58,-0.020478098684361918,,,0.7687020736033706,False
16,59,0.010580856304900233,,,0.7686904911232957,False
16,60,0.01663187620015349,,,0.7686796187301422,False
16,61,0.010320484074307263,,,0.7687078765481374,False
16,62,0.004404744130994294,,,0.7686940779726161,False
16,63,0.011036586169897179,,,0.7686741669272595,False
16,64,0.001854905687791752,,,0.7686978963154747,False
16,65,0.012520489468973542,,,0.7687041154284006,False
16,66,0.0011190071874080162,,,0.7686945201512849,False
16,67,0.004360664691599219,,,0.7686914144963986,False
16,68,9.969315465123592e-05,,,0.7686950897814525,False
16,69,0.0016110273118849,,,0.7686943796945314,False
16,70,0.007887780484130379,,,0.7687184342141207,False
16,71,0.008969166184743643,,,0.7686987442580986,False
16,72,0.010301145602449623,,,0.7686923118589915,False
16,73,0.015494425971749975,,,0.7686972642600832,False
16,74,0.009683775355543354,,,0.768691638186784,False
16,75,0.0015377719866441963,,,0.7686963955090514,False
16,76,0.008671817440682905,-0.1057879360232663,0.11445975346394921,0.7686996572269976,True
16,77,0.005484092863779371,,,0.768696884506638,False
16,78,0.004589158080038689,,,0.7686941768125539,False
16,79,0.01796910510558302,,,0.7686946189912227,False
16,80,0.005785528429449268,,,0.768691216816523,False
16,81,-0.006777424260827648,,,0.7687057592926285,False
16,82,0.009516522296892115,,,0.7687110394261457,False
16,83,0.002180998889034413,,,0.7686930219459125,False
16,84,-0.002568047885539368,,,0.7686946814164466,False
16,85,0.005340006309140292,-0.1446767796765765,0.1500167859857168,0.7686851147508919,True
16,86,0.002786673997743778,,,0.7686947620490273,False
16,87,-0.012266799228836918,,,0.7687010539913811,False
16,88,-0.007944194598020773,,,0.7686938360748736,False
16,89,-0.01745175296705532,,,0.7687122671222147,False
16,90,0.01805591968628692,,,0.7687260318840733,False
16,91,0.0081195001976677,,,0.7686944265134493,False
16,92,0.01701910121093591,,,0.7686815174973676,False
16,93,0.020788827767748968,,,0.7686874739041432,False
16,94,-0.00248299740962964,,,0.768696132802901,False
16,95,0.014600542726047305,,,0.768691586165764,False
16,96,-0.00021159263891061542,,,0.7686953342802458,False
16,97,-0.006478621715147648,,,0.7687082354931747,False
16,98,0.03663164351669201,,,0.768761484209117,False
16,99,0.0039303727913801755,0.0876094229902324,0.08367905019885223,0.7686975685830495,True
17,18,0.021128736911196752,,,0.7687616064585137,False
17,19,0.012454311710579782,,,0.7687225516778436,False
17,20,-0.006152678549385257,,,0.7686960599734731,False
17,21,-0.020150670336956777,,,0.7686777511755287,False
17,22,-0.0032655053994977952,,,0.7686897628290174,False
17,23,-0.01532494362651607,,,0.7686997326574763,False
17,24,-0.0038119488187246253,,,0.7686869745023522,False
17,25,-0.013598721007983034,,,0.7686933054604709,False
17,26,0.018941003864348067,,,0.768715882583096,False
17,27,-0.00024283934033548019,,,0.7686945981828147,False
17,28,0.002504023117079826,,,0.7686954851412036,False
17,29,-0.027215988036735944,,,0.7687339156696351,False
17,30,0.011543750644618376,,,0.7687174172031822,False
17,31,0.029519007043313592,,,0.7687455683780866,False
17,32,0.008305354343926905,,,0.7686946189912227,False
17,33,0.006966986566401361,,,0.7687090366168806,False
17,34,-0.019971540253326023,,,0.768699433536612,False
17,35,0.013059273773569847,,,0.7687184654267327,False
17,36,0.014628424161534679,,,0.7686849872993932,False
17,37,0.01972236894303627,,,0.7687062795028273,False
17,38,0.016078274447062432,,,0.7687061650565835,False
17,39,0.03675193814120995,0.0125187233876876,0.02423321475352235,0.7687585788351571,True
17,40,0.029994588724290568,,,0.7687638043466032,False
17,41,-0.02269607909864936,,,0.7686606700736532,False
17,42,-0.003972153705822221,,,0.7686912818427979,False
17,43,-0.003816226246479258,,,0.7686970275644428,False
17,44,0.01271046722272449,0.0082347691426664,0.004475698080058089,0.7687456672180244,True
17,45,-0.00902242495662087,,,0.7686833096215022,False
17,46,0.005883859000685539,,,0.7686898122489864,False
17,47,-0.019051316228783203,,,0.7687082276900215,False
17,48,0.0025331993310962098,,,0.7686971810264515,False
17,49,0.008834472054915695,,,0.7687002034477061,False
17,50,-0.02145808103737107,,,0.7686859809008727,False
17,51,-0.007554412451954009,,,0.7686893674692664,False
17,52,0.002579506152358614,,,0.7686929387122807,False
17,53,0.013508096351637865,,,0.7687246923428115,False
17,54,-0.004106395412330132,-0.1906409944221344,0.18653459900980426,0.768695277057124,True
17,55,0.0004503159610934286,,,0.7686958622935977,False
17,56,0.0005296353862267117,,,0.7686959117135665,False
17,57,-0.0026739519624910495,,,0.768689950104689,False
17,58,-0.015976037337253696,,,0.7686816007309993,False
17,59,-0.0016701145071060677,,,0.7686948296763532,False
17,60,0.009210428196762366,,,0.7686980939953503,False
17,61,-0.004736981567123218,,,0.768682141749606,False
17,62,0.027383543729879202,,,0.7687458076747781,False
17,63,-0.008397156354001104,,,0.768701074799789,False
17,64,0.009065499426325618,-0.0449214873175112,0.05398698674383682,0.7687154169949679,True
17,65,0.0038985840542198552,,,0.7687009057314744,False
17,66,-0.004132798745267177,,,0.7686889747105664,False
17,67,-0.004457468473291011,,,0.7686972642600832,False
17,68,0.001239221825038453,,,0.7686961041913402,False
17,69,0.004791188664934466,,,0.768698135612166,False
17,70,-0.002362067784828184,,,0.7686870031139131,False
17,71,0.012804195653170217,,,0.7687145352386813,False
17,72,0.0040921084632899365,,,0.7686960573724223,False
17,73,0.008011804158148741,,,0.7687049425626167,False
17,74,-0.005998932273222414,,,0.7686886417760392,False
17,75,-0.00682468767819947,,,0.7686805603106018,False
17,76,0.03373409287870846,,,0.768765169898375,False
17,77,0.03935743579835629,,,0.7687729262324381,False
17,78,0.006651384243483934,-0.2814417909213992,0.28809317516488314,0.7687045550060185,True
17,79,0.012713755375369826,,,0.7686901451835136,False
17,80,-0.03349292671810507,-0.0553966412640528,0.02190371454594773,0.7686952796581751,True
17,81,-0.005990830896134851,,,0.7686913494701237,False
17,82,0.014617522212563669,0.0244114001093285,0.009793877896764832,0.7687419555182565,True
17,83,-0.013005058956236229,,,0.7686905379422135,False
17,84,-0.004766652538320308,,,0.7686927306282012,False
17,85,0.022542918274575524,,,0.7686871695811769,False
17,86,0.010039917152106385,,,0.7687103137329185,False
17,87,-0.008091710658302604,,,0.7686929153028218,False
17,88,0.007402092274363705,,,0.7687083889551833,False
17,89,0.0022558619334327006,,,0.7686948895005261,False
17,90,0.03245686376852153,0.2263934540501401,0.19393659028161858,0.768781626748012,True
17,91,0.01132349528068232,,,0.7687025573988555,False
17,92,0.007174757227351926,,,0.7686986870349768,False
17,93,0.009722441400764382,,,0.7687060272008809,False
17,94,-0.005021470901559283,0.0052576830687865,0.010279153970345782,0.7686923612789602,True
17,95,0.018505436667483787,,,0.7687224970557728,False
17,96,0.0013935843282304133,,,0.76869489990473,False
17,97,-0.027356174196084666,-0.1991551815202327,0.17179900732414805,0.7687251371225313,True
17,98,-0.0005216352841761402,,,0.7686945539649478,False
17,99,-0.02146547090221149,-0.1832914671052573,0.1618259962030458,0.768693263843655,True
18,19,-0.018438746218847696,,,0.7686606700736531,False
18,20,0.004021278664768133,,,0.7687003829202246,False
18,21,0.0034575851766749065,,,0.7687008953272705,False
18,22,-0.007476541549419034,,,0.768682573524071,False
18,23,-0.0008480306206946932,,,0.7686948114689961,False
18,24,0.00833390995389131,,,0.7687152791392653,False
18,25,-0.011894920228001291,,,0.7686978390923529,False
18,26,0.014590363925147601,,,0.7687226271083226,False
18,27,-0.02213109851409877,,,0.768639021526233,False
18,28,0.0078808882120232,,,0.7687115310247836,False
18,29,-0.01274472895883659,,,0.7686964579342752,False
18,30,-0.01552943303335153,,,0.7686869953107602,False
18,31,-0.009320468964238549,,,0.7686844644881434,False
18,32,-0.01931903210921843,,,0.7686981538195231,False
18,33,-0.014339074538718214,,,0.7686627275049894,False
18,34,-0.050677082172310345,,,0.7687389825169707,False
18,35,0.0016658479392745226,-0.1484859116638376,0.1501517596031121,0.7686972798663892,True
18,36,0.045546407071546766,,,0.7687791427443129,False
18,37,0.0022780099667827243,,,0.7686959533303824,False
18,38,-0.00804891764148398,,,0.7686740186673529,False
18,39,-0.0002102237313718479,,,0.7686945227523359,False
18,40,0.036262143013135545,,,0.7687776835547054,False
18,41,0.020783948649893195,,,0.7687436045845866,False
18,42,-0.006680129248378068,,,0.7686877288071405,False
18,43,-0.0012978956009203494,,,0.7686947932616394,False
18,44,-0.004994944815980858,,,0.7686802117697688,False
18,45,-0.014282240966940543,,,0.7686873386494915,False
18,46,-0.02386719074793489,-0.0496207776671839,0.025753586919249012,0.7687221485149396,True
18,47,-0.01844567744723901,,,0.7686881891931664,False
18,48,-0.016475678300261823,,,0.7686810102924237,False
18,49,0.0003933712846905472,,,0.768695269253971,False
18,50,-0.008398824085357378,,,0.7686906367821513,False
18,51,-0.03437012100245553,-0.1115867906405162,0.07721666963806068,0.7687492046473757,True
18,52,-0.0014567027575544747,,,0.7686930375522185,False
18,53,0.018055643895428724,,,0.7687434979414959,False
18,54,0.009435312833863625,,,0.768713905784341,False
18,55,0.01379510126844636,,,0.7687309998914713,False
18,56,0.006922097597158324,,,0.7687100822393801,False
18,57,-0.00444103025355707,,,0.7686897966426803,False
18,58,-0.005628643377355934,,,0.7686897186111507,False
18,59,-0.020556979248033427,,,0.7686888472590677,False
18,60,-9.008479982023157e-05,0.0263620588258911,0.02645214362571133,0.768694910308934,True
18,61,0.08317353117840628,0.3071132794152939,0.22393974823688764,0.7690390085469885,True
18,62,-0.0026251085212960854,,,0.7686923482737053,False
18,63,-0.027049793890224962,-0.0469312901669877,0.01988149627676274,0.7687287343760558,True
18,64,0.00639399183646465,,,0.7687069713823917,False
18,65,0.004896801675068831,,,0.768705985584065,False
18,66,-0.016077333348166488,,,0.768666951611803,False
18,67,-0.0033628846268927617,,,0.7686970769844117,False
18,68,0.023943808596280564,,,0.7687206581127204,False
18,69,0.002666679487788772,,,0.7686993008830113,False
18,70,-0.010575118679510888,,,0.7686641684872398,False
18,71,0.008569127954650767,,,0.7687128575607903,False
18,72,-0.007120635462978804,,,0.7686943198703584,False
18,73,-0.005508384184057587,,,0.7686926577987735,False
18,74,-0.00981297573602536,,,0.768685832640966,False
18,75,-0.0368326234767456,,,0.768654216866138,False
18,76,0.0564809342320866,0.3461334524251759,0.2896525181930893,0.7688844176822308,True
18,77,0.006592123667388802,,,0.768700336101307,False
18,78,0.007229651267263949,,,0.7687107194968735,False
18,79,-0.01800650200210852,,,0.7687130604427679,False
18,80,-0.07357648232926185,,,0.7688826437654531,False
18,81,-0.016620460793598253,,,0.7686844462807866,False
18,82,-0.009158755450093741,,,0.7686850549267189,False
18,83,0.013866856394023871,,,0.768724484258732,False
18,84,0.0019266421061058894,,,0.7686992774735524,False
18,85,0.002584763790697238,,,0.7686945695712538,False
18,86,-0.01565107017960218,,,0.7686838922569249,False
18,87,-0.03272385827155457,,,0.7687402804414166,False
18,88,0.0027354981135509814,,,0.7686997560669352,False
18,89,-0.00033157416004808704,,,0.7686946007838658,False
18,90,0.0179798306452049,,,0.7687400567510311,False
18,91,0.006952570706995758,,,0.7687085866350587,False
18,92,0.0063677107775031005,,,0.7687059231588412,False
18,93,0.0074383673838576,,,0.7687056604526908,False
18,94,-0.013718707007864598,-0.037073535697316,0.023354828689451403,0.768684178372534,True
18,95,0.0027924125341194355,,,0.768699815891108,False
18,96,-0.0040891728879381035,,,0.7686919581160562,False
18,97,0.011633608778852781,,,0.7687120122192174,False
18,98,-0.006058656977604582,,,0.7686888888758837,False
18,99,-0.024925324079384796,,,0.7686981278090131,False
19,20,-0.04276804514548582,,,0.7687257769810758,False
19,21,-0.013738546495609561,,,0.7686957634536599,False
19,22,-0.002815512559926528,,,0.768691625181529,False
19,23,-0.00971948158957769,,,0.7687221511159906,False
19,24,0.0024836101729944554,,,0.7686971914306553,False
19,25,0.011408146413141234,,,0.7687076008367322,False
19,26,0.007576521596070403,,,0.7686938828937914,False
19,27,0.008661569893166026,,,0.7687124830094473,False
19,28,-0.013114281594149095,,,0.7686918670792713,False
19,29,-0.027730414653425815,,,0.7687379264902673,False
19,30,0.015894417031234585,0.0950267835635909,0.07913236653235631,0.7687194928418752,True
19,31,0.014736755237496998,,,0.768702331107419,False
19,32,0.0031014346205368573,,,0.7686952302382062,False
19,33,0.025005863783174664,0.109591483887012,0.08458562010383733,0.7687336893781986,True
19,34,-0.015676554223444425,,,0.7687004947654174,False
19,35,-0.020501626228614005,,,0.7687005858022021,False
19,36,-0.006758645078511894,,,0.7687032700868277,False
19,37,-0.023073707255128584,-0.1141418440476599,0.09106813679253131,0.7687344696934968,True
19,38,0.020330781082904394,,,0.7687362332060704,False
19,39,0.008576115134978364,,,0.7686975711841004,False
19,40,0.003579027926114,,,0.7686986714286708,False
19,41,-0.03885755618509524,,,0.7686937892559558,False
19,42,0.003865891020853447,,,0.7686955917842944,False
19,43,-0.007358307739206978,,,0.768696933926607,False
19,44,0.005425554732055255,,,0.7687112397070721,False
19,45,-0.005208936373438961,,,0.7686894064850315,False
19,46,0.012288672189846635,,,0.7686847818163647,False
19,47,-0.005375743308403083,,,0.76869618222287,False
19,48,-0.013231414701005029,,,0.7687026978556091,False
19,49,0.02448761941692703,,,0.7687080872332679,False
19,50,-0.005528229120371646,,,0.7686919685202601,False
19,51,-0.010618804633738517,-0.0259226830364582,0.015303878402719682,0.7687052442845319,True
19,52,0.02491757356264066,,,0.7686719456297109,False
19,53,0.013494007335913088,,,0.7687177189250974,False
19,54,-0.008463367729069788,,,0.7687001254161764,False
19,55,-0.002279682876412179,,,0.7686959741387904,False
19,56,-0.013801136366644776,,,0.7686921115780647,False
19,57,0.0003439146854233542,,,0.7686949779362598,False
19,58,-0.022305073338550967,,,0.7687031998584507,False
19,59,-0.013577741603312259,,,0.7687116038542113,False
19,60,-0.011591613050709857,,,0.7687061104345128,False
19,61,0.014950260367857713,,,0.7687407304232384,False
19,62,0.0037548930919819707,,,0.7686937164265278,False
19,63,-0.008274620565608223,,,0.7687079259681063,False
19,64,-0.005521085071873401,,,0.7686908318609758,False
19,65,-0.004092026301443585,,,0.7686926135809066,False
19,66,-0.015207037192799675,,,0.7686880669437697,False
19,67,-0.0012108868202789815,,,0.7686972330474714,False
19,68,-0.016882568281914617,,,0.7687036186276607,False
19,69,0.02889765475185068,,,0.7687132295110823,False
19,70,0.024146742171431982,,,0.7687657811453585,False
19,71,-0.023735473493785172,,,0.7686806435442337,False
19,72,-0.025590682287057402,,,0.76870186291824,False
19,73,0.012258708942631567,,,0.7687064901879578,False
19,74,-0.004060492794824731,,,0.7686964475300713,False
19,75,0.0006421733049651358,,,0.7686959715377394,False
19,76,-0.01734878845278016,,,0.7686906419842533,False
19,77,0.007690225945230688,,,0.7687016106162936,False
19,78,-0.003594892378433037,,,0.7686942704503894,False
19,79,0.001971929286073361,,,0.7686938412769755,False
19,80,-0.06860095049744111,,,0.7688346491725179,False
19,81,-0.0036736390013992707,,,0.7686961796218188,False
19,82,0.032054150048007345,0.0433337219723121,0.011279571924304753,0.768758206884865,True
19,83,0.00811697253403704,,,0.7687066280436605,False
19,84,0.0062902808328177615,,,0.7686971628190945,False
19,85,0.006376760881910503,,,0.7686892504219719,False
19,86,0.010364253222486153,,,0.7687147979448317,False
19,87,-0.07398747030295309,,,0.7688403922931119,False
19,88,-0.022074311972932675,,,0.7687053301192146,False
19,89,-0.04091711871465754,,,0.7687229626439006,False
19,90,0.0032351258591968943,,,0.768696952133964,False
19,91,-0.017614246439701588,,,0.7687123139411326,False
19,92,0.005412074232424974,,,0.7686941664083499,False
19,93,-0.0033571228774069615,,,0.7686948010647922,False
19,94,0.013102775969666863,,,0.7686954591306937,False
19,95,-0.0076522727898896,,,0.7686924601188979,False
19,96,-0.021658024631713797,,,0.768712545434671,False
19,97,0.0064920634792311185,,,0.7686970587770547,False
19,98,-0.001542812630058718,,,0.7686945071460299,False
19,99,0.008556803554731224,,,0.7686999121299949,False
20,21,-0.0539901490923946,-0.1230177980951485,0.0690276490027539,0.768754500387199,True
20,22,0.04162115966229801,,,0.7687758186011431,False
20,23,-0.0010432123085433293,,,0.7686956490074162,False
20,24,-0.015106848672701028,,,0.7687098767563515,False
20,25,-0.005225222505743867,,,0.7686917916487924,False
20,26,-0.019682286908564474,,,0.7687329974986343,False
20,27,0.025188669585367165,,,0.7687415315469444,False
20,28,-0.038611626061459424,,,0.768788189199669,False
20,29,0.009929908770618976,0.0978142555545714,0.08788434678395243,0.7686925277462238,True
20,30,-0.019286385670081764,,,0.7687025313883454,False
20,31,-0.009041247829874836,0.0661100840681096,0.07515133189798444,0.7687085840340077,True
20,32,-0.04553186108576184,,,0.7687463642996908,False
20,33,-0.028454319183468375,,,0.7687015117763558,False
20,34,-0.032488649170359866,,,0.7687750434879469,False
20,35,-0.0037156919500984783,,,0.7686995323765498,False
20,36,-0.024837559417591134,,,0.7687456151970046,False
20,37,-0.011955242255248928,,,0.768692499134663,False
20,38,-0.019393101229759437,,,0.7687155964674866,False
20,39,-0.06451707433192395,-0.0334218094785998,0.031095264853324152,0.7688066280501631,True
20,40,0.012752702216068893,,,0.7687141138684203,False
20,41,0.007185037247288073,,,0.7686982188457979,False
20,42,-0.019336218560478766,,,0.768717448415794,False
20,43,-0.04796048801743334,,,0.7687917500384792,False
20,44,-0.0034145586252955122,,,0.7686907148136811,False
20,45,0.0019135354523995651,,,0.7686986610244668,False
20,46,-0.01275161050833375,-0.0021420941951304,0.01060951631320335,0.7687114607964067,True
20,47,-0.005453267515794215,,,0.7686972018348593,False
20,48,0.001446830422581525,,,0.7686972616590323,False
20,49,-0.00010692835052200905,,,0.7686951183930134,False
20,50,-0.05085981714591303,,,0.7688260579010858,False
20,51,-0.003873172637975637,,,0.7686953576897049,False
20,52,-0.003839796886678859,,,0.7686961770207679,False
20,53,0.00275660321324166,,,0.7686952120308492,False
20,54,-0.010458691727790001,-0.0987477608554152,0.0882890691276252,0.7687108365441682,True
20,55,-0.015214104704801223,0.0660982790194516,0.08131238372425283,0.768709697283833,True
20,56,-0.013673816443806507,,,0.7687098377405867,False
20,57,0.005607221730140909,,,0.7686999069278929,False
20,58,-0.008843059841245282,,,0.7687056474474359,False
20,59,-0.011344397086179497,,,0.7687069427708308,False
20,60,-0.028629473821430766,,,0.7687607377074818,False
20,61,-0.010105798314824343,,,0.76868997871625,False
20,62,0.0021814153276925458,,,0.7686967492519865,False
20,63,-0.03871967754256829,,,0.7688278500252206,False
20,64,-0.033354704971971405,,,0.7686777745849876,False
20,65,-0.017484702679099077,,,0.7687059647756571,False
20,66,-0.030525930468424178,,,0.7687277563808821,False
20,67,0.02125634980571056,,,0.7687068933508618,False
20,68,0.01508711908136659,,,0.7687048359195259,False
20,69,-0.012446303103115782,,,0.7687157863442092,False
20,70,-0.022401724598547557,,,0.7687012906870213,False
20,71,-0.003230628817894347,-0.0576770781260563,0.05444644930816195,0.7686993659092861,True
20,72,-0.009477247553102773,,,0.7686992410588385,False
20,73,-0.02214984272514639,,,0.7687244530461199,False
20,74,-0.02088797430345077,,,0.7687361551745406,False
20,75,-0.013506571245159492,,,0.7687050674130643,False
20,76,-0.024638522901767886,,,0.7687173365706014,False
20,77,-0.022950083003145216,,,0.7687258602147078,False
20,78,-0.014706965128388582,,,0.7687168215625048,False
20,79,-0.025507942468594006,,,0.7686929881322497,False
20,80,-0.011298860396311346,,,0.76870351198457,False
20,81,-0.01788600242732524,,,0.7687156927063734,False
20,82,-0.03427386923031007,,,0.7686901685929725,False
20,83,-0.011269411182476444,,,0.7687078817502394,False
20,84,-0.020793798011186332,,,0.7686974567378567,False
20,85,-0.012312111406805977,,,0.768723222749,False
20,86,0.010896183367244055,,,0.7686957660547109,False
20,87,-0.0140246850908142,,,0.7687004765580605,False
20,88,-0.01016895409932354,,,0.7686954357212347,False
20,89,-0.026794672257816888,,,0.7687263023933765,False
20,90,-0.021200226110462763,,,0.7686994777544788,False
20,91,-0.006390004659772372,-0.0378110247228594,0.03142102006308703,0.7686970769844116,True
20,92,-0.021222817145851437,,,0.7687281595437859,False
20,93,-0.0016460967903824085,,,0.7686957322410479,False
20,94,-0.01618141588731192,,,0.7687108313420662,False
20,95,-0.016103395655129846,,,0.7687157733389544,False
20,96,-0.027528277395809958,,,0.7687302039698671,False
20,97,0.02845272100407388,,,0.7686963564932866,False
20,98,-0.022941473189304094,,,0.7687177657440153,False
20,99,0.0227061216165005,,,0.768705171455104,False
21,22,-0.010068511047824032,,,0.7686861967881052,False
21,23,-0.008524156793435824,,,0.7686828206239155,False
21,24,-0.01550520790852661,,,0.7687021360285944,False
21,25,-0.0020444703381084766,,,0.768695669815824,False
21,26,-0.0045130423989493546,,,0.7686964917479382,False
21,27,0.016443429678541815,,,0.7687246949438625,False
21,28,-0.033154146711154096,-0.109513880847889,0.07635973413673491,0.7687370759465924,True
21,29,0.011209018235927147,,,0.7686923326673993,False
21,30,-0.044047148330507505,,,0.7687324486768745,False
21,31,-0.00018820869444291033,,,0.7686951938234924,False
21,32,0.021024012959678685,,,0.7686897888395274,False
21,33,-0.022696640160638,,,0.7687066384478646,False
21,34,0.007417428726185113,0.0597520561581891,0.05233462743200398,0.7686925069378159,True
21,35,-0.015916301139246716,,,0.768694132594687,False
21,36,0.023284844010101075,,,0.7686697529437232,False
21,37,0.004553238077035289,,,0.7686931858121252,False
21,38,-0.0020865930841183107,,,0.7686958726978016,False
21,39,0.0319573906306695,,,0.7687624648053416,False
21,40,0.013725130606163623,,,0.7687170270455331,False
21,41,-0.02522872632664089,-0.0007088068802327,0.024519919446408193,0.7686942678493385,True
21,42,0.003642040097621606,,,0.7686978052786899,False
21,43,-0.03069251489614141,,,0.7687526458378406,False
21,44,0.0006399225921552287,,,0.7686959741387903,False
21,45,0.0063226368824063715,,,0.7687039853758508,False
21,46,-0.00939091021202191,,,0.7687116012531603,False
21,47,-0.04306072914561617,,,0.768763065648121,False
21,48,-0.012464739010519688,,,0.7687013765217042,False
21,49,0.0150229496526931,,,0.76869736049897,False
21,50,0.008006986199387701,,,0.7686984191267244,False
21,51,-0.005215849994696431,,,0.768696114595544,False
21,52,-0.01238275586596166,-0.0321137490251787,0.019730993159217045,0.7687202757582242,True
21,53,-0.009429029592820454,-0.0662023924233619,0.05677336283054145,0.7686876689829676,True
21,54,-0.0013091378135681449,,,0.768695329078144,False
21,55,-0.035846587107471115,,,0.7687589898012142,False
21,56,0.0010196555922678584,,,0.7686951938234923,False
21,57,-0.04172699781352428,,,0.7687194434219062,False
21,58,-0.005447104738784318,,,0.76869691571925,False
21,59,0.011119921632790639,,,0.768702718664017,False
21,60,-0.03138223681147712,,,0.7687654742213411,False
21,61,0.005970194110821173,,,0.7687006092116611,False
21,62,-0.0007436036019113478,,,0.7686960703776771,False
21,63,-0.00030101741958109274,,,0.7686952822592261,False
21,64,0.009337575682656234,,,0.7687142855377858,False
21,65,0.003821711621474071,,,0.7686948218732,False
21,66,0.012639031785614601,,,0.7686961354039521,False
21,67,-0.0011760823067739137,,,0.7686963616953884,False
21,68,-0.04012205024110199,-0.1321820114135888,0.0920599611724868,0.768753657646677,True
21,69,-0.0031004344700870275,,,0.7686948452826592,False
21,70,0.004140215308822356,,,0.768704357326143,False
21,71,-0.0010234727311652925,,,0.7686943796945314,False
21,72,-0.0024560171435162523,,,0.7686969833465759,False
21,73,-0.010006693275761015,,,0.7686996936417113,False
21,74,0.00031481295660357395,,,0.7686946345975286,False
21,75,-0.017908864781063332,,,0.7686896405796209,False
21,76,-0.0019464209961488634,,,0.7686948530858121,False
21,77,-0.005741343145397289,,,0.7686927852502722,False
21,78,-0.001001890618107187,0.0114786886002205,0.012480579218327688,0.7686945565659988,True
21,79,-0.0067710301738284654,,,0.768702325905317,False
21,80,-0.003810357054324264,,,0.7686987754707106,False
21,81,0.015110537768316893,,,0.7686985595834781,False
21,82,0.012168218868988669,,,0.7687123477547954,False
21,83,0.017024380184065473,,,0.7686955163538154,False
21,84,-0.039573177874825394,,,0.7688085684342042,False
21,85,0.016647426253448443,,,0.7686878328491802,False
21,86,-0.0019366157238635776,,,0.7686936149855392,False
21,87,-0.013495999429649637,,,0.7687073355295307,False
21,88,-0.03204933265011965,,,0.7687194772355692,False
21,89,-0.008119488205846109,,,0.7687019981728918,False
21,90,-0.0053861125676165945,,,0.7686916563941409,False
21,91,0.01342917760918474,,,0.7686910893650243,False
21,92,-0.005572171622256544,,,0.7686992540640933,False
21,93,0.0009553091753481419,,,0.7686945669702028,False
21,94,0.001805695121894611,,,0.7686934745287854,False
21,95,0.011860707481313118,0.1423309700734054,0.13047026259209227,0.7687035562024369,True
21,96,-0.029384348253170278,,,0.7687303080119068,False
21,97,-0.026824616116114884,,,0.7687546538492076,False
21,98,-0.016997788594265206,,,0.7686966270025898,False
21,99,-0.0025306806305239737,,,0.7686969807455248,False
22,23,-0.00986236364879537,,,0.7686986532213138,False
22,24,-0.0029479738669632763,,,0.7686921219822687,False
22,25,0.006649182701022099,,,0.7687075280073042,False
22,26,-0.012705310000543233,,,0.7686919269034442,False
22,27,0.0752552540849777,0.191260435690568,0.1160051816055903,0.76910662546862,True
22,28,0.004908013331433024,,,0.7686967362467314,False
22,29,-0.022122516772409916,,,0.7687272101601734,False
22,30,-0.029739031709448843,,,0.7686859314809039,False
22,31,0.009443334701301273,,,0.7687019695613307,False
22,32,0.0229107671009011,,,0.768704328714582,False
22,33,-0.004195185516208589,,,0.7686910529503104,False
22,34,-0.026348007858878315,,,0.7686865687383971,False
22,35,0.005997578446509631,,,0.7687058789409743,False
22,36,-0.012723880717935362,,,0.7687245466839558,False
22,37,0.036953433153516055,,,0.7687957504549076,False
22,38,0.010919694067237572,,,0.7687115466310895,False
22,39,0.014603351964864739,,,0.7687170348486861,False
22,40,0.022239982023469874,,,0.7687279410555027,False
22,41,0.0030457513176434755,,,0.7686992982819603,False
22,42,-0.004588826200990414,,,0.768689562548091,False
22,43,-0.007436523840494657,,,0.7686988717095974,False
22,44,-0.016332788789740184,,,0.7686477376481128,False
22,45,0.016109189954938367,,,0.7687162129165723,False
22,46,0.011128648197700127,,,0.7686878692638941,False
22,47,-0.033222644619127176,,,0.7687418124604517,False
22,48,0.0062393845424375035,,,0.7687004505475504,False
22,49,0.028080618737159932,,,0.768722819586096,False
22,50,-0.0294669599772811,,,0.7687149227952792,False
22,51,-0.017282597498616853,-0.0464708958790289,0.02918829838041205,0.7687131124637876,True
22,52,-0.01278975170998431,,,0.7686962914670117,False
22,53,0.007331947246657742,,,0.768701480563744,False
22,54,-0.0016090781185823314,,,0.7686950689730446,False
22,55,-0.0004022836350047665,,,0.768694923314189,False
22,56,-0.004552263334715791,,,0.7686938594843326,False
22,57,-0.004203777645282842,,,0.7686908448662307,False
22,58,-0.06524959128420353,-0.1476481879963493,0.08239859671214576,0.768763528635198,True
22,59,-0.020435950343090436,,,0.768699425733459,False
22,60,0.0004133577772723251,,,0.7686949233141889,False
22,61,-0.007771393511097034,,,0.7686778578186195,False
22,62,0.0006551657923998221,,,0.7686952016266453,False
22,63,0.017750167883441272,,,0.7686950793772485,False
22,64,-0.0044848832769545655,,,0.7686909228977608,False
22,65,-0.007768909794520383,,,0.7686869380876383,False
22,66,0.004779304194093524,,,0.768698200638441,False
22,67,-0.02704908829059437,,,0.7687312001723977,False
22,68,0.016670893630250164,,,0.768715463813886,False
22,69,-0.014152470740165853,,,0.7687029371523004,False
22,70,0.040092382367277246,0.1341476418749081,0.09405525950763086,0.7688634740196297,True
22,71,0.004970577256536535,,,0.7687003543086637,False
22,72,-0.0051947558296725396,,,0.7686953784981128,False
22,73,-0.011864760100175734,,,0.768685827438864,False
22,74,-0.013643377211700735,,,0.7686975139609786,False
22,75,0.006023845781375959,,,0.768703553601386,False
22,76,-0.005195745468036587,,,0.768692441911541,False
22,77,0.006118203733789072,,,0.7687013765217042,False
22,78,-0.006525982205690506,,,0.7686917292235688,False
22,79,0.03792994463102936,,,0.768731889450911,False
22,80,0.0194216770434164,,,0.7687089455800958,False
22,81,-0.006156226056265677,,,0.7686967856667005,False
22,82,-0.02587904891979574,,,0.7686481564173228,False
22,83,-0.002301612333018942,,,0.7686931832110742,False
22,84,0.004992193222442445,,,0.7686967570551395,False
22,85,-0.0007374133308830429,,,0.768694933718393,False
22,86,0.004156775816387624,,,0.7687035614045389,False
22,87,-0.0027540951565460485,,,0.7686948764952709,False
22,88,-0.0019422383395164347,,,0.7686923690821132,False
22,89,-0.00594042805679142,,,0.768692486129408,False
22,90,-0.01987508656940798,,,0.7686856999873655,False
22,91,0.02736454397608332,,,0.7687412896492021,False
22,92,0.001443989662279903,,,0.7686954565296427,False
22,93,-0.007322208433022994,,,0.7686954565296427,False
22,94,-0.005424679688236806,,,0.7686945799754578,False
22,95,-0.0029463148273252294,,,0.7686925537567337,False
22,96,-0.012652105266915252,,,0.7686972876695423,False
22,97,0.008953509960968092,,,0.7686985205677133,False
22,98,-0.019203179342425252,,,0.7686809842819139,False
22,99,0.024899280996827818,,,0.7687394403019455,False
23,24,-0.008542523068015555,,,0.7687026510366913,False
23,25,0.014238819497099603,,,0.7687007184558029,False
23,26,-0.004076878813893859,,,0.7687027160629659,False
23,27,-0.02450975301299217,,,0.768692473124153,False
23,28,0.010718391075518266,,,0.7686956724168752,False
23,29,0.040711030772466704,0.1032275154962159,0.06251648472374918,0.768662779526009,True
23,30,-0.008691332970801302,,,0.7687016678394156,False
23,31,0.02077460456020362,0.064053674391335,0.043279069831131375,0.7686949363194439,True
23,32,0.04032408893653149,-0.0079570604189038,0.048281149355435295,0.7686743073840131,True
23,33,-0.005849835691540208,,,0.7686986922370788,False
23,34,0.011454439268847184,,,0.7686852578086966,False
23,35,0.01566202435906511,,,0.768690426097021,False
23,36,0.01593480011896938,,,0.7686738001790694,False
23,37,0.01480353988149101,,,0.7686803418223185,False
23,38,0.012101596017798054,,,0.7686924757252038,False
23,39,-0.001753683497869697,,,0.7686950741751466,False
23,40,-0.00323376759556427,,,0.7686917318246198,False
23,41,0.005349537326566845,,,0.7686973865094799,False
23,42,0.02011842316778286,,,0.768698569987682,False
23,43,-0.02277393269060954,,,0.7687400905646941,False
23,44,-0.04106024114972447,,,0.7687328128240137,False
23,45,0.006742261267748082,,,0.7686937398359869,False
23,46,-0.03877517042085226,-0.2241151188801673,0.18533994845931503,0.7687966400143474,True
23,47,-0.014795207000920622,,,0.7687059569725041,False
23,48,-0.018495956694373848,,,0.768733080732266,False
23,49,0.049777823126922194,,,0.7687766119216961,False
23,50,-0.0018886424109992419,,,0.7686968220814143,False
23,51,0.0039332571165013085,,,0.7686910711576673,False
23,52,0.010656574569969289,,,0.7686875571377748,False
23,53,0.00836813394627918,,,0.7686992410588385,False
23,54,0.014408179655543453,,,0.7686855569295606,False
23,55,0.0009025687842644881,,,0.7686953654928579,False
23,56,0.0012693761850039132,,,0.7686945669702029,False
23,57,0.013138556153978248,,,0.7687062586944193,False
23,58,-0.011000789635192996,,,0.7687105010085898,False
23,59,-0.0023994101909798424,,,0.7686971342075336,False
23,60,0.00448432853720541,,,0.768691219417574,False
23,61,0.010291571076305357,,,0.7687073823484486,False
23,62,0.015793279723066805,,,0.7687056526495378,False
23,63,-0.009292040713803365,,,0.7687155756590786,False
23,64,0.029857542938476277,,,0.7687471576202439,False
23,65,0.010013717136180846,,,0.7686889330937505,False
23,66,-0.00562191478041017,,,0.7686980939953503,False
23,67,-0.012417490029528232,,,0.7687253660150188,False
23,68,0.009727769093318604,,,0.7686880123216988,False
23,69,0.0010407823800014718,,,0.7686942782535425,False
23,70,0.009317360099829223,,,0.7687082458973784,False
23,71,0.020395686475786996,,,0.7686967674593435,False
23,72,-0.0576917112612112,,,0.7688621995046429,False
23,73,0.0025701556086344043,,,0.7686935889750293,False
23,74,0.0012201318204047755,,,0.768694054563157,False
23,75,0.0031791757465234544,,,0.7686918046540475,False
23,76,-0.029873417560090425,-0.2021196186167562,0.17224620105666577,0.7687209546325335,True
23,77,-0.005108563069396217,,,0.768691606974172,False
23,78,0.003338770777470688,,,0.7686925745651416,False
23,79,-0.01723857446103337,,,0.7686976075988144,False
23,80,0.017830936885129597,,,0.768677210156922,False
23,81,-0.01643010061366166,,,0.7687261723408269,False
23,82,-0.01961349913235192,,,0.7686933574814907,False
23,83,0.022651532068759597,,,0.7686939401169134,False
23,84,0.03392444537905618,,,0.7686918072550984,False
23,85,0.0075639518487620626,,,0.7686760318808219,False
23,86,-0.018242464450939883,,,0.7687189674295745,False
23,87,0.0025912441552305475,,,0.7686956386032122,False
23,88,0.009212893952041227,,,0.7687008797209645,False
23,89,0.02957526953538378,,,0.768707239290644,False
23,90,0.015981794307133017,,,0.7687004713559584,False
23,91,-0.0059996778214793335,,,0.768704815111118,False
23,92,0.013181006630581884,0.0476455659080724,0.03446455927749052,0.768683005298536,True
23,93,0.011321246322640059,,,0.7686914795226734,False
23,94,-0.002258073375453857,,,0.7686985881950391,False
23,95,0.006614567226229415,,,0.7686893388577056,False
23,96,-0.004072983007081388,-0.0119982843335916,0.007925301326510212,0.7686990823947278,True
23,97,0.023289658432508374,,,0.7687000083688814,False
23,98,-0.005254235042508196,-0.0538530832456207,0.048598848203112506,0.7687008745188625,True
23,99,-0.01597370373223134,,,0.7687237533634028,False
24,25,-0.001913418665555602,,,0.7686946658101406,False
24,26,-0.018232673675081204,,,0.7686985101635092,False
24,27,0.013635807401241217,,,0.7687332029816628,False
24,28,-0.011241386120001754,,,0.7686982708668177,False
24,29,0.0010008381135012028,,,0.7686943432798172,False
24,30,0.0005204446658522836,,,0.7686958622935977,False
24,31,-0.005043676246825365,,,0.7686931259879525,False
24,32,0.008462221742360812,,,0.7686926760061304,False
24,33,-0.016697532638619436,,,0.7686902804381653,False
24,34,-0.012838353779595583,,,0.7686995974028246,False
24,35,-0.0065605301653572515,,,0.7686901841992785,False
24,36,0.0022631419541318263,,,0.7686923664810621,False
24,37,-0.0031396039180533117,,,0.7686967336456806,False
24,38,0.011029773929993788,,,0.7687049945836365,False
24,39,0.008599920360055514,,,0.7687073667421427,False
24,40,0.00718736251066911,0.0375086665513621,0.030321304040692987,0.7687029007375866,True
24,41,-0.00035668830109626074,,,0.7686944915397239,False
24,42,-0.002678837066056268,,,0.768695006547821,False
24,43,0.010302427291697778,,,0.7686950481646366,False
24,44,0.0013914858391381587,-0.0880451970181452,0.08943668285728336,0.7687008641146585,True
24,45,0.00017509417023347813,,,0.7686953420833988,False
24,46,0.006498363294987819,,,0.7686839494800466,False
24,47,0.006379383895830376,,,0.7686945513638969,False
24,48,-0.02603775893034039,,,0.7687177631429644,False
24,49,0.009544314805941478,,,0.7686898486637004,False
24,50,-0.005646184005898285,,,0.7686948400805572,False
24,51,0.008009411610236859,0.0272184004184658,0.019208988808228942,0.7686906783989672,True
24,52,0.006360209542894374,,,0.7686909489082706,False
24,53,-0.0007872844738755283,,,0.7686934589224795,False
24,54,-0.0046463857050912695,,,0.7686982006384411,False
24,55,0.011172500813587736,,,0.7686958961072606,False
24,56,0.01931811582181385,,,0.7687050179930954,False
24,57,-0.006845397814947645,,,0.7686859444861588,False
24,58,-0.016728947675380672,0.0177692308999241,0.03449817857530477,0.7687007938862819,True
24,59,-0.00042686968941150864,,,0.7686954383222857,False
24,60,-0.01262471814707198,,,0.7687091510631243,False
24,61,0.009585653189741673,,,0.7687151516877668,False
24,62,-0.00440978048497782,,,0.7686935603634684,False
24,63,-0.008618315436277793,,,0.7687180024396558,False
24,64,-0.001974715709071523,,,0.7686925147409689,False
24,65,0.013770976936283515,,,0.7687148109500866,False
24,66,-0.006345882862948633,,,0.7686901607898194,False
24,67,-0.014398162194224434,-0.134158604940873,0.11976044274664857,0.768712977209136,True
24,68,0.0037270497396599805,-0.0721761798219259,0.07590322956158588,0.7687005649937942,True
24,69,0.003581411881908593,,,0.7686951704140332,False
24,70,0.002824606978724409,,,0.7687049893815343,False
24,71,0.010656021865920337,,,0.7687035744097939,False
24,72,-0.0017362473613289839,,,0.768695753049456,False
24,73,0.0006801416947408935,,,0.7686952042276962,False
24,74,0.00023215851055723461,,,0.768695248445563,False
24,75,0.005640842634153584,,,0.7687037798928225,False
24,76,0.0014649017214816915,,,0.768696075579779,False
24,77,0.01675250159082121,,,0.7687243281956724,False
24,78,0.004256725425528848,,,0.7686966452099467,False
24,79,0.009999719984611393,0.0716541881868303,0.0616544682022189,0.7686873126389814,True
24,80,-0.008897531793414836,,,0.7687054601717643,False
24,81,-0.00959323384688469,,,0.7687013895269592,False
24,82,0.006208037597570753,,,0.7687119315866365,False
24,83,0.006153071915604087,,,0.7686977142419051,False
24,84,0.0053432026115992695,,,0.7686926656019264,False
24,85,0.0026497327646129148,,,0.76868958595755,False
24,86,0.0028011343067730742,,,0.7686959351230255,False
24,87,-0.015064875080323715,,,0.7687077230861288,False
24,88,-0.017419901501171602,,,0.7686902804381653,False
24,89,-0.0051950821754809355,,,0.7686964865458361,False
24,90,0.00587171955723788,,,0.7687027550787309,False
24,91,0.0015572770265558748,,,0.7686951548077273,False
24,92,0.017275146799380442,,,0.7686941560041459,False
24,93,0.00043696051548284577,,,0.7686953863012657,False
24,94,0.0097911189941187,,,0.768693271646808,False
24,95,0.025136436700116428,,,0.7687058269199544,False
24,96,-0.025550040543093813,,,0.7687261151177051,False
24,97,-0.005077017356379269,,,0.7687025521967533,False
24,98,0.0030742350088647594,,,0.7686944057050412,False
24,99,-0.0071239117392195035,,,0.7686937528412418,False
25,26,-0.003993949848148826,,,0.7686953524876029,False
25,27,0.026214828673988323,,,0.7687479431376439,False
25,28,-0.023345386473301373,,,0.7686935681666213,False
25,29,0.004210818442078786,,,0.7686946319964777,False
25,30,-0.023078419018363355,0.0226765100563197,0.04575492907468305,0.7686834526793069,True
25,31,0.0070511193819448904,,,0.7687020605981156,False
25,32,-0.0036495386422107368,,,0.7686997820774452,False
25,33,0.071484135769905,0.2113610955372522,0.1398769597673472,0.7689249524609161,True
25,34,0.007040304928915143,,,0.7687020501939117,False
25,35,0.005897313204569871,,,0.7687017042541294,False
25,36,-0.007583609492911431,,,0.7687041050241965,False
25,37,0.01212070542006778,,,0.7686799906804342,False
25,38,-0.00494826869560707,,,0.7686925485546318,False
25,39,0.03317642091761039,0.0602148011316438,0.02703838021403341,0.768768460227882,True
25,40,0.0016820098994840688,-0.0505276535617807,0.052209663461264766,0.7686969157192501,True
25,41,-0.015092285246493808,,,0.7686732097404938,False
25,42,-0.010819242861500636,,,0.7686960937871361,False
25,43,0.006741575001550048,,,0.768698229250002,False
25,44,-0.021769870479522446,,,0.7686542974987188,False
25,45,0.04376270465941369,,,0.7688148551744559,False
25,46,-0.05395166860753267,-0.1885802253743633,0.13462855676683064,0.7688218546026799,True
25,47,-0.016340739871381862,,,0.7687188789938406,False
25,48,0.0006785462615313178,0.0023069835300329,0.001628437268501582,0.7686955501674784,True
25,49,0.03416712319559785,,,0.7687781439407315,False
25,50,-0.012600122138090149,,,0.7686965723805189,False
25,51,0.0039114697504950315,,,0.7686938828937915,False
25,52,0.04474148156593511,,,0.7687616948942475,False
25,53,0.012280265369195423,0.1624352420678362,0.15015497669864075,0.7687082745089395,True
25,54,0.01276188689678228,,,0.7687091354568184,False
25,55,-0.00820972953551323,,,0.7686968090761593,False
25,56,0.003875652430381276,,,0.7686988222896285,False
25,57,-0.001424262291856943,,,0.7686935889750292,False
25,58,0.05136580354306426,0.3207629924185909,0.26939718887552666,0.7687785731141453,True
25,59,0.011757411475503406,,,0.7686964787426832,False
25,60,0.0005369527082059265,,,0.7686952380413593,False
25,61,0.027305884654006757,,,0.7687657395285427,False
25,62,0.007330593659888305,,,0.7686878068386703,False
25,63,-0.011516897794590414,,,0.7687106596727006,False
25,64,0.007734545041464885,,,0.7687006404242732,False
25,65,-0.0006038574056729251,,,0.7686943224714093,False
25,66,-0.008812972995440482,,,0.7686984971582543,False
25,67,-0.010744595895674721,,,0.7687061390460737,False
25,68,0.013724909719545195,,,0.7687138901780348,False
25,69,-0.006534073151257735,,,0.7686975841893554,False
25,70,0.04176487817776514,,,0.7688401686027264,False
25,71,-0.008118650073291732,,,0.768693674809712,False
25,72,-0.01384460140628711,,,0.768719984440513,False
25,73,-0.0020100320809727304,,,0.7686956880231811,False
25,74,0.0019025788578925767,,,0.768695336881297,False
25,75,0.018604516578688536,,,0.7687383088447634,False
25,76,-0.005092471758164395,,,0.7686934875340403,False
25,77,-0.022033790781106573,-0.0309369360111111,0.008903145230004527,0.7686994829565809,True
25,78,0.0006885272122288677,,,0.7686960105535043,False
25,79,-0.02324152082329084,,,0.7687063003112352,False
25,80,0.009998229134987841,,,0.7687040165884629,False
25,81,-0.014060659293135876,,,0.7687009629545963,False
25,82,-0.031944788142154686,,,0.7686917864466907,False
25,83,-0.010245398867553986,,,0.768705990786167,False
25,84,0.00358235460742293,,,0.7686998497047709,False
25,85,-0.0005615847094704515,,,0.7686949311173419,False
25,86,-0.007218320237617603,,,0.7686908084515169,False
25,87,-0.03801374399761288,,,0.7687451860235907,False
25,88,-0.0012880452910730578,-0.024478946382196,0.023190901091122942,0.7686946736132937,True
25,89,-0.006415300793767018,,,0.768699446541867,False
25,90,0.009487769527941486,,,0.7687038553233012,False
25,91,0.009942693779327405,,,0.768699012166351,False
25,92,0.011535699299035277,,,0.7687014389469282,False
25,93,-0.0040300017505986805,,,0.7686959013093625,False
25,94,0.020096405497474573,,,0.7687148525669024,False
25,95,7.014647387806709e-05,,,0.7686951756161354,False
25,96,-0.01265333886538885,,,0.7686922000137986,False
25,97,-0.026500430802457647,,,0.7687595932450444,False
25,98,0.012766414331012058,,,0.7686945591670498,False
25,99,0.005153112075148625,,,0.7687056968674049,False
26,27,-0.001780666683997921,0.0516094451173972,0.05339011180139512,0.7686919060950363,True
26,28,-0.01011117470981001,,,0.7687010852039929,False
26,29,-0.014892927410944133,,,0.7687361577755916,False
26,30,-0.02625383370873419,,,0.7687035900160998,False
26,31,-0.007865746450491937,,,0.7687028539186687,False
26,32,0.023619905542570357,,,0.7686836685665392,False
26,33,-0.02082349710869476,,,0.7686932066205332,False
26,34,0.004116380705898853,,,0.7686945227523359,False
26,35,-0.014819324376676268,,,0.7687029267480966,False
26,36,0.004242328426041931,,,0.7686839182674348,False
26,37,-0.006982782926680715,,,0.7686983905151636,False
26,38,-0.009182056294905754,,,0.7686987832738637,False
26,39,-0.0059919888523812664,,,0.7686919607171072,False
26,40,0.018244561861530322,,,0.7687078999575963,False
26,41,-0.017329094854261443,,,0.7686924341083881,False
26,42,-0.009681188871571626,,,0.7686995661902126,False
26,43,0.0008832070877909971,,,0.7686941117862789,False
26,44,0.0033798204437746737,,,0.7687062664975723,False
26,45,-0.00891465873072883,,,0.7686916589951918,False
26,46,0.027158385529341512,,,0.7686491864335163,False
26,47,-0.0075446395514314896,,,0.768703582212947,False
26,48,-0.01827466363349268,,,0.7687153649739482,False
26,49,0.012871533100930553,,,0.7686864126753377,False
26,50,-0.015966169883086544,,,0.7687093643493058,False
26,51,0.0051964220792122765,,,0.7686905353411627,False
26,52,-0.003386281919819621,,,0.7686967076351705,False
26,53,-0.00830856832601522,,,0.7686882958362571,False
26,54,0.00036588613817842026,,,0.7686949571278519,False
26,55,-0.008007189937011447,,,0.7686994335366119,False
26,56,-0.008301575230594226,,,0.7687012516712566,False
26,57,-0.0036627001363420935,,,0.7686912428270329,False
26,58,0.007411136006430596,,,0.7686890683484022,False
26,59,-0.008375338796483922,,,0.7687066826657314,False
26,60,-0.001769759911953786,,,0.768697381307378,False
26,61,-0.0022334866616542867,,,0.7686924679220509,False
26,62,0.0026407317306776958,,,0.7686927436334563,False
26,63,-0.0005014989753255282,0.0906426382679378,0.09114413724326333,0.7686965151573971,True
26,64,-0.000846590023118151,,,0.7686948556868631,False
26,65,0.01482676760630661,,,0.768699069389473,False
26,66,-0.008923943686070836,,,0.7686991422189007,False
26,67,-0.0033241974538706985,,,0.7686996468227935,False
26,68,-0.003393982946323912,,,0.7686971498138396,False
26,69,-0.022408115599697846,,,0.7687344852998027,False
26,70,0.016875394139085072,,,0.7687298216153711,False
26,71,-0.008560570190515947,,,0.768698575189784,False
26,72,-0.017299687566017664,-0.1071347951141939,0.08983510754817622,0.7687180440564716,True
26,73,0.0019892680114911108,,,0.7686950923825034,False
26,74,-0.028826108031549714,,,0.768741323462865,False
26,75,0.011962910957124819,0.0612089801489902,0.04924606919186538,0.7687143791756216,True
26,76,-0.004254943739670765,,,0.7686950663719937,False
26,77,0.0026346673985262054,,,0.7686942782535425,False
26,78,-0.022118044772983795,,,0.768720345986601,False
26,79,0.0024829851501191663,,,0.7686914769216223,False
26,80,-0.004830161693958183,,,0.7686985179666622,False
26,81,-0.0048100156658450344,,,0.76869691571925,False
26,82,0.015691507888531377,0.0811810224484723,0.06548951455994093,0.7687249420437069,True
26,83,-0.016111683110957915,,,0.7687055434053961,False
26,84,0.003979923645298753,,,0.768688678190753,False
26,85,-0.007812047364172687,,,0.7687114399879986,False
26,86,0.005357002213873387,,,0.7686916980109568,False
26,87,-0.029750611541241683,,,0.7687415133395876,False
26,88,-0.015072972790324669,,,0.768701901934005,False
26,89,-0.0019448546354327017,,,0.7686958778999037,False
26,90,0.0148959358622663,,,0.7687064979911107,False
26,91,0.021992455642436536,0.0438231543306975,0.021830698688260965,0.7686800999245761,True
26,92,-0.012922402864654445,,,0.7687109978093299,False
26,93,0.0008308984460021502,,,0.768694109185228,False
26,94,-0.0065084231344475305,-0.173611002988272,0.16710257985382448,0.7687030411943403,True
26,95,0.0032979569150544978,,,0.7686915835647131,False
26,96,-0.015931559528176032,,,0.7687155522496196,False
26,97,0.00046980190038913364,,,0.7686947126290585,False
26,98,0.006005149682874401,,,0.7686923846884193,False
26,99,-0.0018079068365593424,,,0.7686955137527645,False
27,28,0.03129383928419788,,,0.7687461718219173,False
27,29,-0.02284968913051819,-0.0268498075900553,0.00400011845953711,0.7686903480654911,True
27,30,-0.01052883336456342,,,0.7686882490173392,False
27,31,0.011869389291881305,,,0.7687206633148223,False
27,32,-0.002610295636932897,,,0.7686935811718761,False
27,33,-0.007070713642733253,,,0.7686863164364508,False
27,34,-0.03085278775062561,,,0.7687020267844524,False
27,35,-0.00306093434951726,0.0008195186553994,0.0038804530049166602,0.7686887120044161,True
27,36,0.01267834439114761,,,0.7686953758970617,False
27,37,-0.032342278234061654,,,0.7686828570386293,False
27,38,0.0030019104902577393,,,0.7686999199331479,False
27,39,0.0006290642808888139,,,0.7686960235587592,False
27,40,0.030545830264328427,0.0258975514161931,0.004648278848135328,0.768805007595394,True
27,41,-0.0017654379939897238,,,0.768691984126566,False
27,42,0.0011774117414264356,,,0.7686966920288646,False
27,43,0.00604508090988095,,,0.7687082823120925,False
27,44,0.01927680453023181,,,0.7687709338273768,False
27,45,0.15797242711086332,0.328304717207896,0.17033229009703268,0.7698677450103878,True
27,46,-0.005284713639866764,-0.0357296642589767,0.03044495061910994,0.7686997508648332,True
27,47,0.011096599503661608,,,0.7687160568535125,False
27,48,-0.05223345913456738,-0.1837137052012926,0.1314802460667252,0.7687650892657941,True
27,49,-0.09347942062991742,-0.201089276663147,0.10760985603322958,0.7689063601484134,True
27,50,0.018240029897402824,,,0.7687213994122535,False
27,51,-0.002204240199407152,,,0.7686934875340405,False
27,52,0.019335972088306085,,,0.7687138199496577,False
27,53,0.009684075284864715,,,0.7687186188887414,False
27,54,-0.004621668583325283,,,0.7686890371357904,False
27,55,0.008548975189164372,,,0.768715443005478,False
27,56,0.01772487505222723,0.0754910816968899,0.057766206644662664,0.7687515846090351,True
27,57,0.0004636668431286274,,,0.768695669815824,False
27,58,0.017268493235203897,,,0.7687358274421155,False
27,59,0.0005150418174834255,,,0.7686956255979573,False
27,60,-0.0028771001437391756,,,0.768690381879154,False
27,61,0.013517721802457479,,,0.7687193211725096,False
27,62,-0.0076648397113665825,,,0.7686794990817966,False
27,63,0.02076089701092101,0.0513777462630993,0.03061684925217829,0.7687237169486888,True
27,64,0.031906231748738356,,,0.7688032570880754,False
27,65,0.002199061241212742,,,0.7687017068551806,False
27,66,-0.01043487278472406,,,0.7686809894840159,False
27,67,0.005593487319702661,,,0.7687037122654966,False
27,68,-0.015136433917315511,,,0.7686845659291321,False
27,69,-0.02085388622863936,,,0.7687241877389188,False
27,70,0.047857045871703335,0.1009686715071414,0.05311162563543806,0.7688969677532753,True
27,71,0.004770226286137746,,,0.768704828116373,False
27,72,0.04091391057214341,0.0273746580342339,0.013539252537909507,0.7688219066236999,True
27,73,0.009768538109507452,,,0.768720793367372,False
27,74,0.013008606008526186,,,0.7687243412009273,False
27,75,0.019442816287952927,,,0.7687445149524342,False
27,76,-0.014237808732166745,-0.0598850792304645,0.045647270498297754,0.7686647017026935,True
27,77,-0.008310786665856582,,,0.7686754154317363,False
27,78,0.019874649778656987,,,0.7687559283641945,False
27,79,0.016062722264780872,,,0.7687214332259166,False
27,80,0.013234479754025414,,,0.7687146184723129,False
27,81,0.012294104080258519,,,0.7687099027668614,False
27,82,-0.01707997800788709,,,0.7686565239983694,False
27,83,0.012526850267429494,,,0.7687098689531985,False
27,84,0.0026596646288625956,,,0.7686974177220919,False
27,85,0.0031817814445657287,,,0.7686988743106483,False
27,86,-0.008840230842326647,,,0.7686742397566874,False
27,87,0.007045840505934596,,,0.7687012802828175,False
27,88,-0.008839463741783111,,,0.7686970977928197,False
27,89,-0.010352649300895841,,,0.7686831561594936,False
27,90,-0.015440665758745255,,,0.7686760266787199,False
27,91,0.0047520270981254616,,,0.7687004947654175,False
27,92,-0.0028097978810415125,,,0.7686917890477415,False
27,93,-0.004332932335870569,,,0.768689578154397,False
27,94,0.028676202084358428,0.1915338272721577,0.16285762518779928,0.7687563029155375,True
27,95,0.005298714746101191,-0.1166688577536154,0.12196757249971658,0.7687066046342015,True
27,96,0.008871916318266348,,,0.7687065916289466,False
27,97,0.011014120253362526,,,0.7687077490966387,False
27,98,0.003231498513349195,,,0.7686970925907177,False
27,99,0.06853754844791846,0.1868989173569588,0.11836136890904034,0.7688166681069987,True
28,29,-0.005559686001976231,,,0.7687031972573999,False
28,30,-0.020978519002595578,-0.0332416864582662,0.012263167455670625,0.7686947958626902,True
28,31,-0.0077089199329189485,,,0.7687007444663129,False
28,32,0.012719271466677225,,,0.7686868678592617,False
28,33,0.025334027061587966,0.0009832443012174,0.024350782760370566,0.7687467284468298,True
28,34,-0.013527094272626588,,,0.768696572380519,False
28,35,0.004731509090486706,,,0.7686953082697361,False
28,36,0.015488330009410266,,,0.7686647771331724,False
28,37,-0.01922992625375907,,,0.768717968625993,False
28,38,-0.02708151311644947,,,0.7687230614838383,False
28,39,0.004410529369122444,,,0.7686956568105692,False
28,40,0.014200529129193507,,,0.7687128107418725,False
28,41,-0.009223798820917901,,,0.7686882490173392,False
28,42,-0.011431418072541132,,,0.7686948582879141,False
28,43,0.030356069775856906,,,0.7687397212154531,False
28,44,0.02821788695247634,0.0788037039803508,0.050585817027874465,0.7688087062899072,True
28,45,0.018555489670422393,,,0.7687167487330768,False
28,46,-0.009980725066210307,,,0.7687117573162199,False
28,47,-0.006250244877012045,,,0.7687019903697389,False
28,48,-0.0013061883929678616,0.038889846749534,0.04019603514250186,0.7686949467236479,True
28,49,-0.014798379272356625,,,0.7687155990685375,False
28,50,-0.014411560534430948,,,0.768709288918827,False
28,51,0.004868115269510063,,,0.7686896275743658,False
28,52,-0.01484625105486703,,,0.7687282817931829,False
28,53,-0.00920298087408967,,,0.7686904833201427,False
28,54,0.005813167437942117,,,0.7686888030412008,False
28,55,0.017435264527658426,,,0.7686995974028246,False
28,56,-0.0015843730828716575,,,0.768696512556346,False
28,57,-0.03693004257564861,-0.0376322618715099,0.0007022192958612908,0.7687250408836448,True
28,58,-0.012634091762240368,,,0.7686971394096356,False
28,59,-0.006309887001068531,,,0.768701449351132,False
28,60,-0.015592093911352998,,,0.7687268278056774,False
28,61,0.009597473383181076,-0.0016955867608447,0.011293060144025776,0.768717131087573,True
28,62,-0.011488158426763982,,,0.768699909528944,False
28,63,0.0008367389840660475,,,0.7686935915760802,False
28,64,-0.008606625526484458,,,0.7686879967153928,False
28,65,0.0015496438630948602,,,0.7686959585324844,False
28,66,-0.002322596111898341,-0.0596609540371436,0.05733835792524526,0.7686948712931692,True
28,67,-0.023259008718901478,,,0.7687411934103154,False
28,68,-0.016205762494437302,,,0.7687061338439716,False
28,69,-0.002769365178801216,,,0.7686958674956997,False
28,70,-0.013313221427705321,,,0.7686715554720618,False
28,71,0.0006668542560364418,,,0.7686952146319003,False
28,72,0.0039233821600894,,,0.7686951938234923,False
28,73,-0.01053625597330479,,,0.7686987104444358,False
28,74,-0.004017282864491748,-0.0458172167457552,0.041799933881263455,0.7686958050704759,True
28,75,0.027074361759593827,,,0.7687318140204322,False
28,76,-0.00302125274695292,,,0.7686978416934038,False
28,77,-0.007788266917253895,,,0.7686987728696597,False
28,78,-0.0021302312441091086,,,0.7686966816246606,False
28,79,-0.0007036370553370726,,,0.7686964215195612,False
28,80,-0.0386446913211894,-0.1015211883149183,0.0628764969937289,0.7687671987181501,True
28,81,0.01280170608131585,,,0.7686884909150816,False
28,82,-0.018594282217243713,,,0.7686997352585273,False
28,83,-0.0066253211149286135,,,0.7686982448563079,False
28,84,0.02368088939916922,0.095357165690488,0.07167627629131877,0.7686791349346573,True
28,85,0.027619739446476065,,,0.7686960105535042,False
28,86,-0.008641457603994873,,,0.7687027914934447,False
28,87,0.013927518123589989,,,0.7687040217905647,False
28,88,0.010068518919539556,,,0.768696554173162,False
28,89,0.007411803807506582,,,0.7686983124836336,False
28,90,0.011160537203239607,,,0.7687172247254086,False
28,91,0.005422185333670438,,,0.7686951678129823,False
28,92,-0.006374587918202863,,,0.7687026718450991,False
28,93,-0.006949288297273037,,,0.76869942833451,False
28,94,0.008781586174785402,,,0.7686940025421373,False
28,95,0.006318802009582709,,,0.7686937450380888,False
28,96,-0.01443681241609551,0.0261115473691151,0.04054835978521061,0.7687130006185949,True
28,97,-0.005499294209188637,,,0.7686941117862789,False
28,98,0.0022687273804179557,-0.0279131504846642,0.030181877865082155,0.7686958752988526,True
28,99,0.008049182393945432,,,0.7686988977201072,False
29,30,-0.013761058307189636,,,0.7687036472392218,False
29,31,-0.01389890248722999,,,0.7687210404672163,False
29,32,-0.017373592660484674,,,0.7687523935358941,False
29,33,-0.03601893702170801,,,0.7687324070600587,False
29,34,-0.023293273381232067,,,0.7687456880264324,False
29,35,-0.012078349083445466,,,0.7687135780519154,False
29,36,0.013466029709067327,,,0.7686678073575799,False
29,37,-0.03209128700273337,,,0.7687756105170636,False
29,38,-0.017002532479847718,,,0.768731106534562,False
29,39,0.006836596369647636,,,0.7686901894013806,False
29,40,-7.641922919916604e-05,,,0.7686951834192884,False
29,41,-0.015962885370759614,,,0.7687092342967562,False
29,42,-0.022546836902809692,-0.0356219762085317,0.013075139305722006,0.7687588961633783,True
29,43,0.0018622499167932106,,,0.7686953993065209,False
29,44,-0.01984117684014315,,,0.7686892478209207,False
29,45,-0.042655932829117886,,,0.768743773652901,False
29,46,-0.017818778203004804,,,0.7687476882346465,False
29,47,-0.019264201743360538,,,0.7687461406093052,False
29,48,-0.0023575433134769078,,,0.7686971914306555,False
29,49,0.018332741836016554,,,0.7687008979283214,False
29,50,0.002658179221821896,,,0.7686920985728098,False
29,51,-0.019163170645025845,,,0.7687530672081013,False
29,52,-0.04153127179998052,-0.0977774116043279,0.05624613980434738,0.768814894190221,True
29,53,0.0054616468543771945,,,0.7686916980109568,False
29,54,-0.019434910201240035,,,0.7687510253830714,False
29,55,-0.01508947545786055,,,0.7687316163405568,False
29,56,-0.0050873691299984335,0.0033507022273731,0.008438071357371534,0.7687049633710245,True
29,57,0.01917884108178615,,,0.7686960365640143,False
29,58,-0.020244064925952376,,,0.7687515846090349,False
29,59,-0.001751098791453156,,,0.7686975477746416,False
29,60,-0.023864100713744396,,,0.7687622515191601,False
29,61,0.04900187986990653,0.0881181448067331,0.03911626493682658,0.7687978755135695,True
29,62,-0.005500618670263029,,,0.7687021464327983,False
29,63,-0.05077453132816147,,,0.7689306305552354,False
29,64,-0.019754291366681234,,,0.7687050466046563,False
29,65,-0.011110100687310763,,,0.7687134323930598,False
29,66,-0.0004979785760857031,,,0.7686960521703201,False
29,67,-0.009685581770914059,,,0.7687201587109296,False
29,68,-0.011846968066864352,,,0.768703059401697,False
29,69,-0.021967456873541975,,,0.7687500942068157,False
29,70,-0.0075735082942868055,-0.050093115208663,0.042519606914376194,0.7686822405895438,True
29,71,-0.023558407989691936,,,0.7687460339662145,False
29,72,-0.012019185677045043,,,0.7687200884825528,False
29,73,-0.020110128834565737,,,0.7687256027106593,False
29,74,-0.023859333592656802,,,0.768763169690161,False
29,75,-0.00968671779641204,,,0.768706011594575,False
29,76,-0.0027246908925014565,,,0.7686994309355609,False
29,77,-0.03253305984411706,,,0.7687613827681282,False
29,78,-0.012382002889804743,,,0.7687221927328065,False
29,79,-0.00543943705410144,,,0.768695305668685,False
29,80,-0.01252187308765956,,,0.76871293559232,False
29,81,-0.01958079820967241,,,0.7687500707973566,False
29,82,0.0014419555846929208,,,0.7686970795854626,False
29,83,-0.00021013587577999493,,,0.7686958961072607,False
29,84,-0.00021374471838242655,,,0.7686956724168751,False
29,85,-0.018225555254855696,,,0.7687670504582435,False
29,86,0.004872201560885709,,,0.7686934979382444,False
29,87,-0.0359275722450101,,,0.7688011632420254,False
29,88,-0.05469370704422071,-0.1733753798485215,0.11868167280430078,0.7689009733718054,True
29,89,-0.013141756883160915,,,0.7687220314676451,False
29,90,-0.017614957673962286,,,0.7687371461749692,False
29,91,0.002278035972018415,,,0.7686941768125538,False
29,92,-0.005954597422301377,,,0.7687090236116256,False
29,93,-0.019312384877106167,,,0.7687476752293916,False
29,94,0.0017404024519935488,,,0.7686928970954648,False
29,95,-0.0006827506300215759,,,0.7686966400078448,False
29,96,-0.004567941116935129,,,0.7687027888923939,False
29,97,0.004839184357912507,,,0.7686851121498408,False
29,98,0.001568600919646411,,,0.7686939089043014,False
29,99,0.023755811832420454,,,0.7686823862483996,False
30,31,-0.004269624025627585,,,0.7686955917842943,False
30,32,-0.003452064854848537,,,0.7686953915033679,False
30,33,-0.0030925547546098286,,,0.7686952016266453,False
30,34,0.017096350745725387,,,0.768715489824396,False
30,35,-0.02178394920561179,,,0.7686919997328721,False
30,36,0.02093931188816136,,,0.7686891281725751,False
30,37,0.00046071923699835676,,,0.7686960079524534,False
30,38,-0.003665013648897186,0.1167137428748935,0.12037875652379068,0.768694064967361,True
30,39,-0.002148945425684126,-0.0469626066988605,0.044813661273176375,0.7686941664083498,True
30,40,0.002290826242272526,,,0.7686978468955058,False
30,41,-0.03946056289170084,,,0.768670639902112,False
30,42,-0.014394486084454004,0.0677554678805453,0.0821499539649993,0.7686930999774424,True
30,43,-0.013578258622751908,,,0.7687170452528901,False
30,44,-0.018429483000959562,,,0.7686653649706969,False
30,45,-0.022975761354412316,,,0.7687067971119751,False
30,46,0.006740403429001717,,,0.7686923274652973,False
30,47,-0.0040193360792021154,,,0.7686886963981101,False
30,48,-0.006299453428327091,,,0.768692444512592,False
30,49,0.005563008831698751,,,0.7686914066932454,False
30,50,-0.007157202456988912,,,0.768696962538168,False
30,51,-0.006802551560753722,,,0.7686942158283186,False
30,52,-0.02954696690803175,,,0.7687333252310595,False
30,53,-0.01415737696068223,,,0.7686794288534196,False
30,54,-0.00204041322136064,,,0.7686950195530758,False
30,55,-0.009045063670530925,,,0.7686947854584862,False
30,56,-0.009179627359488369,,,0.768690402687562,False
30,57,0.011038094236524057,-0.0105320731545563,0.021570167391080357,0.7687113931690808,True
30,58,-0.022731195020135705,,,0.7686980289690754,False
30,59,0.004553801337175985,,,0.7686995765944167,False
30,60,-0.02759800646159931,,,0.7687076970756188,False
30,61,-0.03795895157090571,-0.2026634569305941,0.1647045053596884,0.76865628990378,True
30,62,0.06353396267891191,0.130979435498246,0.06744547281933409,0.7688611772916023,True
30,63,-0.0010226771363713721,,,0.7686961536113089,False
30,64,0.008816552112055093,,,0.7687051610509,False
30,65,-0.004609481004566171,,,0.7686932430352471,False
30,66,-0.01763953397430775,-0.1999795070285791,0.18233997305427135,0.7686789190474248,True
30,67,-0.023164535642910745,,,0.7687215060553444,False
30,68,0.03940536295262799,,,0.7687437216318811,False
30,69,0.0017625654159834237,,,0.7686967700603944,False
30,70,0.0145297106436711,,,0.7687426786104328,False
30,71,-0.026659606556784038,-0.1782103696122597,0.15155076305547566,0.7686998627100259,True
30,72,-0.02205619276391369,,,0.7687088779527699,False
30,73,-0.0035081817213955847,,,0.7686914977300302,False
30,74,-0.00535647736030531,,,0.7686914118953475,False
30,75,0.002384880863500565,,,0.7686999121299948,False
30,76,-0.017353432130025485,,,0.7686922000137985,False
30,77,-0.02053326321175123,,,0.7686945617681007,False
30,78,-0.0071506706582178635,,,0.7686928060586801,False
30,79,0.005366503390191624,,,0.7686983072815319,False
30,80,0.009061883643205568,,,0.76869199453077,False
30,81,-0.013588109462212332,,,0.7687021698422574,False
30,82,-0.01991936897785522,,,0.7686776731439989,False
30,83,-0.0047610971190550095,,,0.7686965125563461,False
30,84,-0.029217389567425516,,,0.7687654638171372,False
30,85,0.0012145100318264866,,,0.7686943588861234,False
30,86,-0.011780130027768709,,,0.7687079207660044,False
30,87,-0.024295935384224157,,,0.7687058607336174,False
30,88,0.00047306521020461234,,,0.7686956672147731,False
30,89,-0.024098335574204408,,,0.768718722930781,False
30,90,0.007622861472448192,,,0.7687011606344718,False
30,91,-0.003948334581303824,,,0.7686925147409689,False
30,92,-0.009749672293605079,,,0.7687045784154773,False
30,93,-0.013213988976986942,,,0.7686974073178879,False
30,94,0.0018395525736419295,,,0.7686959247188214,False
30,95,-0.008477395331546298,,,0.7686921557959318,False
30,96,0.004957609047116764,,,0.7686968116772104,False
30,97,-0.014778603364803418,,,0.7687237715707598,False
30,98,-0.04938005461929623,-0.160601938548341,0.11122188392904478,0.768767185712895,True
30,99,-0.0042634639108143114,,,0.7686908292599248,False
31,32,0.007901794863329856,,,0.7686929205049239,False
31,33,-0.005215962091372034,,,0.7686947048259055,False
31,34,-0.02541606096686773,,,0.7687279774702165,False
31,35,-0.003959604050706406,,,0.7686921297854218,False
31,36,0.010398652478390889,,,0.7686792441787992,False
31,37,0.018589641758959368,,,0.7687046772554152,False
31,38,-0.01984841006846752,-0.0528606687714724,0.03301225870300488,0.7687126546788129,True
31,39,0.014102066626343552,,,0.7687049451636676,False
31,40,0.017024185525954996,,,0.7687183925973048,False
31,41,-0.000795101388111698,,,0.7686949077078831,False
31,42,-0.019539858296337455,,,0.76870924470096,False
31,43,-0.01767461016305489,-0.1124579158900983,0.09478330572704341,0.7687024377505096,True
31,44,-0.0001775656762148005,,,0.7686943848966332,False
31,45,0.00032570769818166673,,,0.7686960391650652,False
31,46,-0.002028540454688261,,,0.7687013297027864,False
31,47,0.00024391996407499745,,,0.7686949909415148,False
31,48,0.008811879103305645,,,0.7687066618573234,False
31,49,0.013210895900574633,,,0.7686835853329075,False
31,50,0.0035721079231753627,-0.0391158443328261,0.04268795225600146,0.768695357689705,True
31,51,-0.007255875776050418,,,0.7686995167702437,False
31,52,0.03001994265774667,0.18086913040628,0.15084918774853334,0.7686682573394018,True
31,53,0.011779491059996145,,,0.7687174015968763,False
31,54,0.004088653515980201,,,0.7686935187466524,False
31,55,-0.0010737903260971196,,,0.7686944031039903,False
31,56,0.008159994798491001,,,0.7686983567015006,False
31,57,-0.010838923647559237,,,0.7686852682129005,False
31,58,-0.001177706337532853,,,0.768694871293169,False
31,59,-0.018139059072999078,0.0003319489983515,0.01847100807135058,0.7687009863640553,True
31,60,-0.005467158424875371,,,0.7686984451372344,False
31,61,0.00018662055034580557,,,0.7686952718550221,False
31,62,-0.011487081508944022,,,0.7686919347065972,False
31,63,-0.018091840801079933,,,0.768733946882247,False
31,64,-0.014448192042578377,,,0.7686798216121197,False
31,65,-0.010445799012473462,,,0.7686946892195996,False
31,66,0.0004286247183666965,,,0.7686948088679453,False
31,67,-0.005087787926951119,,,0.7686979379322906,False
31,68,0.024868250491877228,,,0.7687032128637057,False
31,69,-0.0016489082846204432,,,0.768694041557902,False
31,70,0.020877426541605487,,,0.768749147424254,False
31,71,0.006032085124581791,-0.1327873358262259,0.13881942095080768,0.7686978390923529,True
31,72,-0.02347548867784263,,,0.7687274026379468,False
31,73,-0.002422381894867441,,,0.7686939895368823,False
31,74,0.005820449192099377,,,0.7686939063032504,False
31,75,0.023706134696893075,,,0.7687437424402891,False
31,76,0.005869939922721432,,,0.7686993294945722,False
31,77,0.01581974069758273,,,0.7687168059561986,False
31,78,0.003484625099571039,,,0.7686951313982683,False
31,79,0.0019897890613543145,,,0.768692410698929,False
31,80,-0.020436300813471184,,,0.7687325709262713,False
31,81,-0.006657942710779852,,,0.7686996000038755,False
31,82,0.011776337942314386,,,0.7687216777247098,False
31,83,-0.013377282478919792,,,0.7686980263680245,False
31,84,-0.0015875436501425373,,,0.7686963825037965,False
31,85,-0.019469143307654736,,,0.768743406904711,False
31,86,-0.004913891604339953,0.0651335091274692,0.07004740073180915,0.7686913052522567,True
31,87,-0.00700365041772391,,,0.7686993294945723,False
31,88,-0.021228650732967116,,,0.7686972148401143,False
31,89,-0.0022328908662132586,,,0.7686968949108421,False
31,90,-0.0014121710961713038,,,0.7686951522066763,False
31,91,-0.009301770988495592,,,0.7686981330111152,False
31,92,0.008118976539779735,,,0.7686908968872508,False
31,93,-0.005400544096752592,,,0.7686958648946487,False
31,94,-0.013819119636954624,,,0.7687004401433465,False
31,95,0.011483487146839824,,,0.7686986922370788,False
31,96,0.011532176693384818,,,0.7686912220186248,False
31,97,-0.005009013264082832,,,0.7686959897450962,False
31,98,-0.012966017242148655,,,0.7686996260143856,False
31,99,-0.010350008309143498,,,0.7686998523058219,False
32,33,-0.004816791906759323,0.1011782066386344,0.10599499854539372,0.768694103983126,True
32,34,-0.012957529776283621,,,0.7687124908126002,False
32,35,0.0018842277521938246,,,0.768694080573667,False
32,36,0.0019004861585052045,,,0.7686899370994341,False
32,37,0.02928468580810785,,,0.768729787801708,False
32,38,0.00045656218121301246,,,0.7686950325583306,False
32,39,0.02110394856430233,,,0.7687149618110442,False
32,40,-0.012401908444063251,,,0.7687045055860495,False
32,41,0.02445841523379724,,,0.7687036004203038,False
32,42,0.00013560566086859294,,,0.7686949207131379,False
32,43,0.015001934471360048,,,0.7686713057711665,False
32,44,0.016826518645870103,,,0.7687251501277864,False
32,45,-0.015681257907629552,,,0.76867723096533,False
32,46,-0.01376333048688388,,,0.7687338948612271,False
32,47,-0.03589398554857294,,,0.7688109770074246,False
32,48,0.030886739348490917,,,0.7687031686458389,False
32,49,0.01648907130890792,,,0.7686552000634136,False
32,50,-0.003356087212089895,,,0.7687003074897458,False
32,51,-0.004058567281807677,,,0.7687019409497697,False
32,52,-0.0031982493859909963,,,0.768697344892664,False
32,53,-0.0104624537667523,,,0.7687044145492649,False
32,54,0.005987618230673933,,,0.7686859210767,False
32,55,-0.0065525062469195886,,,0.7686976180030185,False
32,56,0.005659674203828416,,,0.7686890605452492,False
32,57,-0.015115636317748444,,,0.7687239484422274,False
32,58,0.00656169625750623,,,0.7686860719376575,False
32,59,0.026328458188411598,,,0.7686650294351187,False
32,60,-0.0020728035140767757,,,0.7686992098462265,False
32,61,-0.019751302643841274,,,0.7687247495659334,False
32,62,-0.0005582907852095186,,,0.7686961666165638,False
32,63,0.008501228266899807,,,0.7686779722648632,False
32,64,0.015587330252949396,,,0.7687030255880343,False
32,65,0.005301914684673314,,,0.7686914379058575,False
32,66,-0.0015040966742597486,,,0.7686963877058983,False
32,67,-0.030240637790149516,,,0.7687799854848351,False
32,68,0.021969952754989006,,,0.7686973318874092,False
32,69,-0.007668761647135442,,,0.7687049191531575,False
32,70,0.032050209318669844,,,0.7687471342107849,False
32,71,0.003370009252381477,,,0.7686944187102961,False
32,72,0.0004646351592238404,,,0.7686944317155512,False
32,73,0.01340528430156263,,,0.7686823238231756,False
32,74,-0.0055115883371153265,-0.1101569360142198,0.10464534767710448,0.7687007756789246,True
32,75,0.09356452588431449,0.2417350656100532,0.1481705397257387,0.7689408812972012,True
32,76,0.008795682040427473,,,0.7686886391749881,False
32,77,0.001156417810302105,,,0.768695295264481,False
32,78,0.007695284196882151,,,0.7686864985100204,False
32,79,0.005785809826885284,,,0.768691172598656,False
32,80,-0.01665604310346372,,,0.7687160490503595,False
32,81,-0.0013262264401878512,,,0.7686969339266069,False
32,82,0.022774185086762655,,,0.768740041144725,False
32,83,0.017730734226399793,,,0.7687191052852771,False
32,84,0.06589648048917993,0.2248457934805751,0.15894931299139517,0.7688056552570914,True
32,85,0.011810080187317685,,,0.768672301973697,False
32,86,0.02993241251950033,-0.046125495012586,0.07605790753208633,0.7687199298184421,True
32,87,-0.02614228806039727,,,0.7687606544738499,False
32,88,0.027009738684290924,,,0.7686907460262931,False
32,89,0.0027449265497525403,,,0.7686886807918043,False
32,90,0.07668496372491934,0.2232740349420009,0.14658907121708156,0.7688148811849659,True
32,91,0.02390357885434323,,,0.7686758003872837,False
32,92,0.0088000550068666,,,0.7686812834027782,False
32,93,0.015758770209283585,,,0.7686750252740873,False
32,94,-0.01686460395645734,,,0.7687244556471711,False
32,95,0.009233875167892537,,,0.7686848312363336,False
32,96,-0.013151906397705053,,,0.768716316958612,False
32,97,-0.007641883958524957,,,0.768704783898506,False
32,98,-0.01825138789125818,,,0.768733507304629,False
32,99,0.029835400100071536,0.042550494823825,0.012715094723753467,0.7687031036195641,True
33,34,0.05915107051955413,0.1735156057761136,0.11436453525655949,0.7687832107880671,True
33,35,-0.0035680639142394374,,,0.7686931728068703,False
33,36,-0.035766269090933445,,,0.7687791687548229,False
33,37,0.0023487882246090164,,,0.7686981043995542,False
33,38,-0.010278871965020989,,,0.7687035562024369,False
33,39,-0.041929302286087156,,,0.7686844670891945,False
33,40,6.778532224826356e-05,,,0.7686951444035234,False
33,41,-0.022791263042451552,,,0.7686693211692582,False
33,42,-0.01907410068625423,,,0.7686814342637357,False
33,43,-0.022274136997106113,,,0.7686898798763123,False
33,44,-0.011256174378335497,,,0.7686664027900434,False
33,45,-0.0031817591765872376,,,0.7686877678229055,False
33,46,-0.014576022935307178,,,0.768697381307378,False
33,47,-0.034584413162533675,,,0.7686740524810157,False
33,48,0.012919394216565,,,0.7687056058306199,False
33,49,0.019936017905371965,,,0.7687091484620734,False
33,50,-0.031198368805908105,,,0.7686931363921563,False
33,51,-0.016965880745350333,,,0.7687186813139651,False
33,52,0.005491964478946849,,,0.7686950767761975,False
33,53,0.01130719219525667,,,0.768717924408126,False
33,54,0.0029087074387225322,,,0.7686981148037583,False
33,55,-0.023978329639649472,,,0.7687007730778738,False
33,56,-0.010564829359575726,0.0118439793298549,0.022408808689430626,0.7686906862021202,True
33,57,-0.09433828506670089,-0.1534331587428217,0.05909487367612082,0.7687343058272841,True
33,58,-0.007739639698451407,,,0.768689536537581,False
33,59,0.009050988629424595,,,0.7687053795391836,False
33,60,0.013925437484120196,,,0.7687024975746827,False
33,61,-0.000708354902565593,,,0.7686938932979955,False
33,62,-0.007077410647189951,,,0.7686856531684475,False
33,63,-0.05642770267742013,-0.1819162658481486,0.12548856317072848,0.7688175498632855,True
33,64,0.010348435350687328,,,0.768714628876517,False
33,65,-0.013837680933773746,,,0.7686852916223594,False
33,66,0.006012876395152793,,,0.7687001644319411,False
33,67,-0.03901715289246429,,,0.7687377236082897,False
33,68,-0.000581184413674592,,,0.768695334280246,False
33,69,-0.013409630002388404,,,0.768690829259925,False
33,70,0.010723290887718886,,,0.7687168345677597,False
33,71,-0.02594767932120473,,,0.7686916667983448,False
33,72,0.023078222903438427,,,0.7687144702124062,False
33,73,-0.025992400459500124,,,0.7687113931690809,False
33,74,-0.008476392085079769,0.0601767170672294,0.06865310915230917,0.7686929855311986,True
33,75,-0.023311527224899917,,,0.7686851823782176,False
33,76,0.011374121328766994,,,0.7687130682459207,False
33,77,0.005367392448003634,,,0.7686995453818047,False
33,78,-0.009982191072480938,,,0.7686892764324815,False
33,79,0.0016716636308041965,,,0.7686945695712539,False
33,80,-0.010453774510142478,,,0.768699417930306,False
33,81,0.013807585443458533,,,0.7687036498402727,False
33,82,0.004987078356311743,,,0.7687020579970645,False
33,83,-0.007463853398200402,,,0.7686956099916512,False
33,84,-0.022221281302773673,,,0.7686931988173802,False
33,85,-0.013424070788145077,,,0.7686996286154365,False
33,86,0.011584018355528082,,,0.768696528162652,False
33,87,-0.02502319557011397,,,0.7686973839084289,False
33,88,-0.008614794123218604,,,0.7686861109534224,False
33,89,-0.03576889170197503,,,0.7687049945836364,False
33,90,0.012689425459035387,-0.0112410239617238,0.023930449420759187,0.7687227831713822,True
33,91,-0.01815175521073422,,,0.7687028201050057,False
33,92,0.004636705300342173,,,0.7686968116772104,False
33,93,0.006219528509599776,,,0.7687026614408949,False
33,94,-0.014919092911629139,,,0.7686978442944549,False
33,95,-0.00962947194980539,,,0.7686895469417849,False
33,96,-0.011054085527863439,,,0.7686888966790366,False
33,97,-0.018250724683813058,,,0.7687052572897869,False
33,98,-0.012804386794646712,,,0.7686874192820722,False
33,99,-0.029702777770691916,,,0.7686770124770466,False
34,35,-0.008306401936120448,,,0.7687012854849196,False
34,36,-0.048302453148095205,-0.1179512152788479,0.06964876213075269,0.7688398278650462,True
34,37,0.019861160273352968,,,0.7687144181913864,False
34,38,0.02601227639805373,,,0.7687278630239727,False
34,39,-0.0124044079382762,,,0.7686873022347775,False
34,40,0.005130587196498544,,,0.7686960573724222,False
34,41,-0.01947550014814661,,,0.7686955423643254,False
34,42,0.009691548582057266,,,0.7687006430253239,False
34,43,0.0006910105335149429,,,0.768694863490016,False
34,44,-0.003245289617700771,,,0.7686884388940618,False
34,45,-0.02647101997841169,,,0.7687118691614127,False
34,46,-0.004459060121352184,,,0.7687017536740983,False
34,47,-0.04880636578546644,,,0.7688294288631735,False
34,48,0.006472440602085849,,,0.7686906783989673,False
34,49,0.0194709048574091,,,0.7686958570914955,False
34,50,0.021838595652412106,,,0.7686927150218953,False
34,51,-0.009341362207784174,,,0.7687074187631626,False
34,52,0.01757255501670543,0.0037276720616119,0.013844882955093528,0.7687136352750374,True
34,53,-0.019843131885250654,,,0.7686900619498819,False
34,54,-0.014220007921804109,,,0.7687087973201892,False
34,55,-0.007946543849424136,,,0.7686944447208061,False
34,56,0.004222118018179025,,,0.7686959845429944,False
34,57,-0.022815626219782937,,,0.7686927306282014,False
34,58,-0.017906693241032987,,,0.768702716062966,False
34,59,-0.004788280411110792,,,0.7686981720268801,False
34,60,0.029212735341123883,,,0.7687016418289055,False
34,61,-0.014522448618991041,,,0.7686803106097064,False
34,62,-0.005538476638312119,,,0.7686927020166403,False
34,63,-0.017269181702683063,,,0.7687304510697115,False
34,64,-0.011631314283060535,,,0.76868382723065,False
34,65,-0.01315894584664541,,,0.7687053665339285,False
34,66,-0.023870570015655755,,,0.768703132231125,False
34,67,-0.004057083631290193,,,0.76869817202688,False
34,68,0.05244836694753358,0.1835067791176667,0.13105841217013312,0.7687216517141999,True
34,69,-0.017108342554399546,,,0.7686967180393747,False
34,70,-0.051582188258008574,,,0.7686271685368549,False
34,71,-0.0007572427536338632,,,0.768694496741826,False
34,72,-0.01044955033874393,,,0.7687004115317856,False
34,73,0.013867394338768761,,,0.7687015247816109,False
34,74,0.00578547720388645,,,0.7686937008202219,False
34,75,0.03462744628928194,,,0.7687415263448425,False
34,76,-0.003469058141141122,,,0.7686951808182373,False
34,77,0.0011098254600472553,,,0.7686951964245433,False
34,78,-0.009428493762846695,,,0.7687004869622645,False
34,79,-0.004670816245886904,,,0.7686941664083498,False
34,80,0.0541615541167718,0.14951563609301,0.0953540819762382,0.7687775118853399,True
34,81,0.0023521655517464452,,,0.7686938672874856,False
34,82,0.005115167575212279,,,0.7686972954726952,False
34,83,-0.007355235788793372,,,0.7687022920916541,False
34,84,0.012378854024725518,,,0.7686973370895112,False
34,85,-0.020855321911609756,,,0.768748671431922,False
34,86,-0.014128144150856566,,,0.7687127691250566,False
34,87,-0.008663608471901977,,,0.768688358261481,False
34,88,0.015696314381716744,,,0.7686988456990874,False
34,89,-0.008788665265829705,,,0.7687038761317092,False
34,90,-0.013989035049424564,,,0.7687062534923174,False
34,91,0.0162233593337839,,,0.7686997092480172,False
34,92,-0.01603785566519026,,,0.7687188191696678,False
34,93,0.003535321504775991,,,0.7686923768852661,False
34,94,-0.010266525128361624,,,0.7687084409762032,False
34,95,0.002395312823079917,,,0.7686947100280075,False
34,96,0.007562872523272757,,,0.7686896275743658,False
34,97,-0.019801823104507416,,,0.7687171596991338,False
34,98,0.02351395429674374,,,0.768721201732378,False
34,99,-0.0291406020920849,-0.0275216183340055,0.0016189837580793988,0.7686951496056255,True
35,36,0.007265403437969813,,,0.7686895443407341,False
35,37,0.015007808115817601,,,0.7687004245370406,False
35,38,0.005932375750633498,,,0.7686984139246223,False
35,39,0.017478498045202375,,,0.7687130812511758,False
35,40,0.02619709648647571,,,0.7687461536145603,False
35,41,-0.018163160214089185,,,0.7686826957734677,False
35,42,-0.0138610931067168,,,0.7686947282353644,False
35,43,-0.0030200011716618475,,,0.7686974905515198,False
35,44,-0.010500581712269665,-0.1227967884900074,0.11229620677773773,0.768653790293775,True
35,45,-0.011002723585934501,,,0.7686850315172601,False
35,46,-0.00835959626677142,,,0.7687139630074625,False
35,47,-0.01969834634661703,,,0.7687162389270822,False
35,48,-0.0004333322494210409,,,0.7686954149128268,False
35,49,0.023793741224396994,,,0.7686983931162145,False
35,50,-0.021920250035581082,,,0.7687069895897487,False
35,51,-0.007806906032575701,0.0215211845225372,0.0293280905551129,0.768699407526102,True
35,52,0.015453136336782122,,,0.7686910321419024,False
35,53,-0.0016867510987474696,0.0234175582459958,0.02510430934474327,0.7686922026148496,True
35,54,0.00948686502079616,,,0.7686903974854599,False
35,55,0.003972038538013528,,,0.7686944213113471,False
35,56,-0.0004118101241109267,,,0.768694894702628,False
35,57,-0.0100907827749205,,,0.7686842564040639,False
35,58,-0.024845081048842938,,,0.768713814747556,False
35,59,-0.021748198097350284,,,0.7687258862252175,False
35,60,-0.01009848338747434,-0.0127333074330893,0.0026348240456149606,0.7687079259681063,True
35,61,0.020711660151919786,0.0546010183129981,0.03388935816107831,0.7687639526065099,True
35,62,0.013999846034848306,,,0.7687027654829348,False
35,63,0.006419705012193144,,,0.7686827035766207,False
35,64,0.006198539132164447,,,0.7687064485711418,False
35,65,-0.01922896786519044,,,0.7686859678956177,False
35,66,0.009332235161297279,,,0.7687037798928225,False
35,67,-0.014490558783476664,,,0.7687156588927104,False
35,68,0.013611723011172493,,,0.768711772922526,False
35,69,0.012378287922005278,,,0.7686896926006407,False
35,70,0.008659565067971364,,,0.7687228247881981,False
35,71,0.0009852295279313018,,,0.7686948244742512,False
35,72,0.005574017846588029,,,0.7686941976209617,False
35,73,-0.0037218698404816656,,,0.7686946658101406,False
35,74,0.001567550143818798,,,0.7686952666529201,False
35,75,0.005459405222912185,,,0.7687008276999445,False
35,76,0.004724900596361199,,,0.7686966139973349,False
35,77,-0.002037533051779972,,,0.7686944551250101,False
35,78,0.0006376629243209121,,,0.7686946293954268,False
35,79,-0.005005431564011132,,,0.7687050518067584,False
35,80,-0.002949475716117705,,,0.768697794874486,False
35,81,-0.0026767924907862414,,,0.7686954955454075,False
35,82,0.0022194372161301063,,,0.7687006586316301,False
35,83,-0.00791854735338305,,,0.7687003308992049,False
35,84,-0.013073209949302129,-0.1468005667052226,0.13372735675592046,0.7687159372051668,True
35,85,-0.010358601728583702,,,0.7687116766836392,False
35,86,-0.009894994379499951,,,0.7686969937507799,False
35,87,-0.013979819434379011,0.003580565635483,0.01756038506986201,0.7687046330375482,True
35,88,0.004528687751613988,,,0.7687016730415175,False
35,89,-0.007432179624483389,,,0.7686986714286708,False
35,90,0.011781784254245281,,,0.7687122931327247,False
35,91,0.028171329838378226,,,0.7687072939127149,False
35,92,-0.004622029521763824,,,0.7686976778271912,False
35,93,0.0031333542080812463,,,0.768695342083399,False
35,94,-0.010610477365704075,,,0.7687028409134138,False
35,95,0.028054736635547955,,,0.7687100250162582,False
35,96,-0.007805929501755182,,,0.7686991656283597,False
35,97,-0.0026491287563031206,,,0.7686986532213139,False
35,98,-0.0003278041540200694,,,0.7686947984637412,False
35,99,0.009351900304256429,,,0.7687055199959373,False
36,37,0.005641853812186249,,,0.768694850484761,False
36,38,0.024523550660415092,,,0.7686856999873655,False
36,39,0.010466143706661402,,,0.7686930167438105,False
36,40,0.034911473988089164,,,0.7687314238627831,False
36,41,-0.015404149747485055,,,0.7687127457155976,False
36,42,0.0099891525212682,,,0.7686769630570777,False
36,43,0.0019867125642794685,,,0.7686891905977988,False
36,44,0.003904377822041346,,,0.768701108613452,False
36,45,-0.002879170201567851,,,0.7686945149491831,False
36,46,0.013227305203232082,,,0.7686544717691355,False
36,47,-0.0029590372460118995,,,0.7686996806364563,False
36,48,-0.001491573570670925,,,0.7686970977928196,False
36,49,-0.01029216248428928,,,0.7687116844867923,False
36,50,-0.005638146464566257,,,0.7687028070997508,False
36,51,0.002836802976123749,,,0.7686911023702793,False
36,52,-0.005730243316902842,,,0.7687027706850369,False
36,53,0.015723166121365977,,,0.7686779696638123,False
36,54,0.005490349191593704,,,0.7686827660018446,False
36,55,-0.008378464284627442,,,0.7687094553860906,False
36,56,0.01896466767690321,-0.1413011648518979,0.1602658325288011,0.7686716230993876,True
36,57,0.005990800041186582,,,0.7686997664711392,False
36,58,0.011729811473248156,,,0.7686712901648604,False
36,59,0.004755597451147526,,,0.7686887406159769,False
36,60,0.0066084294036493655,,,0.7686767029519783,False
36,61,-0.020857228818676327,,,0.7686992930798582,False
36,62,-0.01152459189249762,,,0.76870730691797,False
36,63,-0.02227245930829267,,,0.7687786251351652,False
36,64,-0.0029253947590275517,,,0.7686971914306554,False
36,65,0.01010121207159994,,,0.7686869432897404,False
36,66,-0.003333927951127205,,,0.7686979223259846,False
36,67,0.006963069004402901,,,0.768682615140887,False
36,68,0.04587733860459777,0.1909465124255763,0.14506917382097853,0.7686901711940235,True
36,69,0.0003479883891857917,,,0.7686943302745625,False
36,70,-0.014742577852655389,,,0.7687003621118166,False
36,71,0.014833320299492442,,,0.7686762451670035,False
36,72,-0.008633009101150512,,,0.7687033819320204,False
36,73,0.0037151918563511762,,,0.7686901399814114,False
36,74,0.0012597401658008475,-0.0324659946052999,0.033725734771100746,0.7686933834920006,True
36,75,0.022303256888724594,,,0.768712168282277,False
36,76,-0.0034832674610179998,,,0.7686992462609403,False
36,77,-0.00591308977066709,,,0.7686956047895492,False
36,78,0.0048121206217829355,0.016627168821889,0.011815048200106064,0.768685837843068,True
36,79,-0.030357398289499685,,,0.7687605582349633,False
36,80,-0.007231191351493585,,,0.7687093227324899,False
36,81,-0.01145256245437265,,,0.7687322614012031,False
36,82,0.01143024929062621,,,0.76869945434502,False
36,83,-0.02718109358980461,,,0.7687585502235961,False
36,84,-0.00020343585015522928,,,0.7686955007475096,False
36,85,0.02271237458966579,,,0.768654167446169,False
36,86,0.006615016145080474,,,0.7686896899995898,False
36,87,-0.023056840690984837,,,0.7687475789905047,False
36,88,0.0201605336136784,,,0.7686951808182372,False
36,89,0.006921575067931463,,,0.7686824772851841,False
36,90,0.018429837675316307,,,0.7687247417627803,False
36,91,-0.032320419451646945,-0.0535814140740676,0.021260994622420655,0.768791851479468,True
36,92,0.009107255709899991,,,0.768676377820604,False
36,93,-0.002171476634307893,,,0.7686985231687642,False
36,94,0.00905536869438835,,,0.7686740264705058,False
36,95,0.012756183130102489,,,0.7686689414158132,False
36,96,0.01693726158783788,,,0.7686662831416976,False
36,97,-0.018891669874265292,,,0.7687125272273141,False
36,98,0.002245039461363285,,,0.7686902206139924,False
36,99,0.018823193713850994,,,0.7686715346636539,False
37,38,0.022892828963689223,,,0.7687279930765225,False
37,39,0.000616507731757374,,,0.7686956386032122,False
37,40,-0.004887850559175509,-0.031673557800862,0.02678570724168649,0.7686951652119314,True
37,41,0.01043672506361556,,,0.7687073303274289,False
37,42,-0.00982549679588596,,,0.7687049269563104,False
37,43,0.0368545846875455,,,0.7687385741519648,False
37,44,0.007392590306710541,,,0.7687134844140798,False
37,45,-0.024514221496355817,,,0.7687198543879633,False
37,46,0.012479799698595468,,,0.768695690624232,False
37,47,-0.007589228377701856,,,0.7686972174411654,False
37,48,0.010876594667285647,,,0.768697352695817,False
37,49,-0.021471006634198306,,,0.7687527888956451,False
37,50,-0.0017449595846521365,,,0.7686963278817255,False
37,51,-0.011222906453411247,,,0.7687014493511319,False
37,52,0.0018851769002334613,,,0.7686949285162908,False
37,53,0.011004844250629604,,,0.7687029787691163,False
37,54,0.017242552093815106,,,0.7687061754607876,False
37,55,0.0074881501315772255,,,0.7687003803191736,False
37,56,0.008041246632226844,,,0.7687005415843353,False
37,57,-0.00821071830196592,,,0.768685478898031,False
37,58,-0.009796516833396678,,,0.7687004869622646,False
37,59,0.020841355382312854,,,0.7687048307174239,False
37,60,0.02284444422474183,,,0.7686783702256652,False
37,61,0.0003287910267415154,,,0.7686958883041075,False
37,62,0.015053830202546262,,,0.7686976362103755,False
37,63,0.009584389351120711,,,0.7686935005392955,False
37,64,0.04595335433244092,,,0.7688106882907642,False
37,65,-0.002696999843546481,,,0.768694129993636,False
37,66,0.016187045948985502,,,0.7687145066271203,False
37,67,-0.008534762980055304,,,0.7686968142782613,False
37,68,-0.011742305495555994,,,0.7686946241933247,False
37,69,0.014618700450777533,,,0.7686844670891945,False
37,70,0.0455493435746859,,,0.7688287057709974,False
37,71,0.03842339371870253,0.1284714432701102,0.09004804955140767,0.7687868990783762,True
37,72,0.03648129299476748,,,0.7687161270818893,False
37,73,0.010130991186208187,,,0.7686984399351323,False
37,74,0.013035392236971595,,,0.7686968897087403,False
37,75,0.021384405225384352,,,0.7687257925873819,False
37,76,0.012020398090178712,,,0.7687053665339285,False
37,77,0.05255289622549298,,,0.7688400515554318,False
37,78,0.015189763402976621,,,0.7687104593917741,False
37,79,-0.03535117907341178,,,0.7687294886808438,False
37,80,-0.034533702977606315,,,0.7687479067229299,False
37,81,0.014666400302882266,,,0.7686989055232601,False
37,82,0.004178172276144513,,,0.7686964449290202,False
37,83,0.032543721801583006,,,0.7687196801175467,False
37,84,0.03262841349883199,0.129969702122374,0.097341288623542,0.7687009109335764,True
37,85,0.012654731810257239,,,0.7686939765316272,False
37,86,0.03588448627384877,,,0.7687131748890115,False
37,87,-0.04820745421484949,-0.0744570794230435,0.02624962520819401,0.7687341029453065,True
37,88,0.045108888195968685,0.0520153897016293,0.006906501505660613,0.7688045159967563,True
37,89,0.02280371921544009,,,0.7687172559380206,False
37,90,-0.04274541098217928,,,0.7687391229737244,False
37,91,-0.0020738695565732206,,,0.7686967154383235,False
37,92,0.017129702896318263,,,0.7686974853494176,False
37,93,0.014768715206507315,,,0.7687070442118196,False
37,94,0.016697650107602525,,,0.7686920127381272,False
37,95,0.007313813256318663,,,0.7686980861921971,False
37,96,-0.02456813666328369,,,0.768743739839238,False
37,97,0.023875725936437244,,,0.7687175654630889,False
37,98,0.0051513648531173704,,,0.7686970639791567,False
37,99,0.0023575111425071732,,,0.7686972746642872,False
38,39,0.09218734671959611,0.2810035034752869,0.1888161567556908,0.7690442834784037,True
38,40,-0.025442411600762244,,,0.7686592004798419,False
38,41,-0.01678150755475678,,,0.7687006014085082,False
38,42,-0.010430414641104136,,,0.768694116988381,False
38,43,-0.007959798772126311,,,0.7686975789872534,False
38,44,-0.016240891930612622,,,0.7686700390593325,False
38,45,-0.08191034420863516,-0.1841020795227644,0.10219173531412923,0.7688476388211802,True
38,46,-0.018765984583261362,,,0.7687327009788211,False
38,47,-0.0031464779210496653,,,0.7686979925543614,False
38,48,-0.003477247688127816,,,0.7686951756161353,False
38,49,0.02419200702302711,,,0.768687081145443,False
38,50,0.013163911332164213,,,0.7687036186276608,False
38,51,-0.020181414777327294,,,0.7687255845033023,False
38,52,-0.002329527032353578,,,0.7686988743106484,False
38,53,0.005548525386033138,,,0.7687035770108448,False
38,54,0.013209529812487276,,,0.7686975321683357,False
38,55,0.0016112875320989858,,,0.7686955631727335,False
38,56,-0.004256103795955144,,,0.768694907707883,False
38,57,0.05846347519036541,0.1076357770441743,0.04917230185380889,0.7688287603930684,True
38,58,-0.01761042884310263,,,0.7687034469582952,False
38,59,-0.007862660292005965,,,0.7687054809801721,False
38,60,-0.004986027556492936,,,0.7686950481646366,False
38,61,-0.019075347922237355,,,0.7686693029619013,False
38,62,-0.012009802389306453,,,0.7687017120572823,False
38,63,-0.017171902712861856,0.0086488974997762,0.025820800212638058,0.768721201732378,True
38,64,-0.018077595615222083,,,0.7686862696175331,False
38,65,-0.01901889868022342,-0.2044075151023973,0.18538861642217389,0.7687067502930571,True
38,66,0.010101229445851873,,,0.7687012256607466,False
38,67,0.0011365274890109724,,,0.7686935629645192,False
38,68,0.034671652667542116,0.1030312886132304,0.06835963594568828,0.7687705280634219,True
38,69,-0.0006568056145417854,,,0.7686945071460298,False
38,70,0.04432876804119093,0.0168593903899129,0.02746937765127803,0.7688754752689144,True
38,71,-0.010554832272851205,,,0.7686885429361014,False
38,72,-0.002957459546195907,,,0.7686914899268773,False
38,73,-0.008355703479920349,,,0.7686922936516345,False
38,74,-0.014729806074100144,,,0.7687005467864373,False
38,75,-0.0023817964738925106,,,0.7686927150218953,False
38,76,-0.014321543260823421,,,0.7686872554158597,False
38,77,-0.0073786564665202165,,,0.7686926760061304,False
38,78,-0.0029687312085231064,,,0.7686947646500782,False
38,79,-0.014686816033295145,,,0.7687136950992102,False
38,80,-0.03094954479127705,,,0.7687455657770357,False
38,81,-0.01604480136782664,,,0.7687176278883128,False
38,82,-0.006682227551675324,,,0.7686948192721491,False
38,83,0.02301353303310908,,,0.7687168865887795,False
38,84,-0.03372673399296792,,,0.7687212667586528,False
38,85,-0.015401684125731757,,,0.7687155730580277,False
38,86,0.0012728673114309323,,,0.7686968610971793,False
38,87,-0.0217486323614523,,,0.7687045133892028,False
38,88,-0.01316242908044918,,,0.7686835827318566,False
38,89,0.005762549733637902,,,0.7687045393997125,False
38,90,0.0008262905758477639,,,0.7686953863012658,False
38,91,-0.01335606523827695,,,0.7687180258491147,False
38,92,0.005216392932766085,,,0.7686931598016153,False
38,93,0.0038160640560661874,,,0.7686947126290584,False
38,94,0.005366040318395722,,,0.7686945539649479,False
38,95,-6.496633111916124e-05,,,0.7686952666529201,False
38,96,-0.02004792778838657,,,0.768710534822253,False
38,97,-0.024470645822638967,,,0.768707278306409,False
38,98,0.022554576900502173,,,0.7687209650367376,False
38,99,0.036705327962893816,,,0.7687882152101789,False
39,40,-0.05420631891614959,-0.1417597817014769,0.08755346278532732,0.7687659033947553,True
39,41,-0.016751375621422045,,,0.7686918436698125,False
39,42,0.0035092501259519323,,,0.7686969391287091,False
39,43,0.009589742956680424,,,0.7687017380677924,False
39,44,0.015093116479765498,,,0.7687291713526226,False
39,45,0.01683486479137734,,,0.7687209676377884,False
39,46,-0.014298667520223044,,,0.7687139578053606,False
39,47,0.006392077390548087,,,0.7686977610608232,False
39,48,0.00877395639677979,,,0.7686893518629604,False
39,49,0.005915192106475571,,,0.7686992176493795,False
39,50,0.0054814656628258416,,,0.7686953602907558,False
39,51,0.01484000958079136,,,0.7687057306810676,False
39,52,0.010380083461414788,,,0.7687085944382116,False
39,53,0.015230326463925612,,,0.7687122020959398,False
39,54,0.031865900861761325,,,0.7687434953404447,False
39,55,-0.005070831937691093,,,0.76868995270574,False
39,56,0.0057680633542442315,,,0.7686978677039138,False
39,57,-0.004225019012865412,,,0.7686913234596137,False
39,58,-0.009129720583879695,,,0.7687072184822361,False
39,59,0.023948481796479452,,,0.7686864152763885,False
39,60,0.04321807057666649,0.072246061270019,0.029027990693352504,0.768719987041564,True
39,61,0.005624002885664283,,,0.768705603229569,False
39,62,0.003113316132241537,,,0.7686956464063651,False
39,63,-0.016733052017658456,,,0.7687082276900216,False
39,64,0.0016668208976852853,,,0.7686973266853071,False
39,65,-0.010608081921225159,,,0.7686897784353235,False
39,66,0.05160154005454275,0.2991739180947588,0.24757237804021603,0.7687842538095155,True
39,67,0.017703872256228714,,,0.7686931233869014,False
39,68,0.029051215496714716,,,0.768749519374546,False
39,69,-0.015792371079068522,,,0.7687209936482986,False
39,70,0.001974959855781311,,,0.7686982812710218,False
39,71,0.01424272319959391,,,0.7687013505111944,False
39,72,0.003142638125885603,,,0.7686927124208444,False
39,73,0.018217148787585794,,,0.7687164522132636,False
39,74,0.0026279684795139195,,,0.7686952718550221,False
39,75,-0.0016340951295760707,,,0.7686945721723049,False
39,76,0.015870805443644474,,,0.7687102773182046,False
39,77,0.014476146007692836,,,0.7687075097999474,False
39,78,0.00711438822703927,,,0.7687013245006843,False
39,79,0.004019874882315522,,,0.7686896665901308,False
39,80,0.005429945827607617,,,0.7686949233141891,False
39,81,0.0054972072601615525,,,0.7686971862285535,False
39,82,0.0013596933576735387,,,0.7686972538558793,False
39,83,0.01529383922048632,,,0.7687137003013121,False
39,84,-0.023296737009055882,,,0.7687229210270848,False
39,85,0.01513323810111952,,,0.7686920829665039,False
39,86,-0.01934348512169408,,,0.7686809660745568,False
39,87,-0.01078351723734517,,,0.7686857520083853,False
39,88,0.010276329780527883,,,0.768711309935449,False
39,89,-0.004882947343618705,,,0.7686926786071813,False
39,90,0.04858106119473945,,,0.7688371357772679,False
39,91,0.014916056377457044,0.1417251589241784,0.12680910254672134,0.7686974151210408,True
39,92,0.017974727795547582,,,0.7687113801638259,False
39,93,0.0012270182765170869,,,0.7686951496056255,False
39,94,0.005779779793274341,,,0.7686946788153955,False
39,95,0.022249985551449504,0.297424655141312,0.2751746695898625,0.7687180440564717,True
39,96,-0.06829061024957205,-0.2879849821255457,0.21969437187597363,0.7688627977463713,True
39,97,-0.021452707889441022,,,0.7687397940448807,False
39,98,0.0019888742608880974,-0.0465813078746948,0.048570182135582896,0.7686932924552159,True
39,99,0.05253862491380351,0.0864999118630224,0.03396128694921889,0.7687426994188407,True
40,41,-0.004278326140204217,,,0.7686913546722257,False
40,42,0.018494676177856134,,,0.768706799713026,False
40,43,-0.04822806221093654,-0.1783256162713752,0.13009755406043866,0.7687633335563735,True
40,44,0.022991562022865203,,,0.7687665406522487,False
40,45,0.00751026872088063,-0.0514507986205626,0.05896106734144323,0.7687054705759683,True
40,46,-0.007205298121161963,,,0.7687031764489919,False
40,47,0.03388009769817985,,,0.7687350913446841,False
40,48,0.025216749094839043,0.0911852863237349,0.06596853722889587,0.768735991308328,True
40,49,0.0064924847224866,,,0.7687012074533895,False
40,50,-0.0037788958588632036,,,0.7686962394459917,False
40,51,-0.0012453474283608112,,,0.7686945851775597,False
40,52,-0.019606605847636772,,,0.768726890230901,False
40,53,0.018283392523680376,,,0.7687214098164573,False
40,54,0.03090063528191255,,,0.7687298684342889,False
40,55,0.023571991744499705,0.0786289547904651,0.05505696304596539,0.7687087270918124,True
40,56,0.028198335337879854,,,0.7687405873654338,False
40,57,0.019722064035813447,,,0.7687381293722448,False
40,58,0.025865990362176114,,,0.7687259876662064,False
40,59,-0.003289837510686509,,,0.7686948947026282,False
40,60,0.007508791565030417,,,0.768696148409207,False
40,61,0.01908399317792283,,,0.7687281361343271,False
40,62,0.04241985247052932,,,0.7687757717822252,False
40,63,0.001310915030590512,,,0.7686942028230638,False
40,64,-0.009235290779389373,,,0.7686874739041429,False
40,65,0.024873403692337495,,,0.7687438802959919,False
40,66,0.018714541289112735,,,0.7687270514960628,False
40,67,0.043996961617473074,0.0968103815196693,0.05281341990219622,0.7687730588860388,True
40,68,-0.009697662914763438,,,0.7686827529965896,False
40,69,0.01684953736137531,,,0.7686843058240327,False
40,70,-0.0461950132503076,-0.176594545535583,0.1303995322852754,0.768726112516654,True
40,71,0.025291885865533624,,,0.7687119810066055,False
40,72,0.031279933822108925,,,0.7686900411414737,False
40,73,-0.01994482622977632,,,0.7687065344058247,False
40,74,0.017637844599720207,,,0.7687118717624637,False
40,75,0.014183028028741503,,,0.7687193940019373,False
40,76,0.028690452222904193,,,0.7687300843215213,False
40,77,0.008234670353867175,,,0.7687029293491474,False
40,78,0.018820652034664532,,,0.7687126312693539,False
40,79,0.013047992050050963,,,0.7686937866549047,False
40,80,-0.01907267268700926,,,0.7687136690887003,False
40,81,0.031492282983667186,0.0062155144018223,0.025276768581844886,0.7687059777809121,True
40,82,0.015354615800231845,,,0.7687184446183247,False
40,83,-0.0019729938826903923,,,0.7686940415579022,False
40,84,-0.01865082841684826,,,0.7687157265200363,False
40,85,0.02860504816579202,,,0.7686781647426367,False
40,86,0.02368155678197245,,,0.7687415445521996,False
40,87,0.008010904699608154,0.0025147074189792,0.005496197280628954,0.7687092655093681,True
40,88,0.03585487977915999,,,0.7687795407051149,False
40,89,0.02854879011240253,,,0.768710152467757,False
40,90,-0.0005326399831080929,,,0.768694522752336,False
40,91,-0.013589418093107498,-0.111833966571456,0.0982445484783485,0.7687046330375484,True
40,92,0.019905243548221985,,,0.7687132061016234,False
40,93,0.01427705337081716,,,0.7687031686458389,False
40,94,0.023349310940767358,,,0.7687428060619313,False
40,95,0.026117863165365688,,,0.7687299438647678,False
40,96,-0.011796589875469644,,,0.7686964397269183,False
40,97,0.009812133259514851,,,0.7686862280007172,False
40,98,-0.001376637040863821,,,0.7686946918206505,False
40,99,-0.05626207568464297,-0.1235935294731361,0.06733145378849312,0.7687711211030485,True
41,42,-0.03204994852273457,,,0.7686893492619096,False
41,43,-0.0036861819025977172,,,0.7686955215559175,False
41,44,0.002088789692596592,,,0.7687033091025925,False
41,45,-0.024683466904057285,,,0.7686954201149288,False
41,46,-0.008270032860387957,,,0.7687062066733995,False
41,47,-0.02401594273877686,,,0.7687029527586063,False
41,48,-0.01583923507740866,,,0.7686823602378896,False
41,49,0.014366613030461155,,,0.768710038021513,False
41,50,-0.010554894141596693,,,0.7686834994982247,False
41,51,-0.027069827816937106,,,0.7687119029750757,False
41,52,0.004593639003181002,,,0.7686964007111533,False
41,53,-0.02198509570424759,,,0.7686647043037446,False
41,54,-0.0029990409172979443,,,0.7686949935425658,False
41,55,-0.03165666646989039,,,0.7686815487099795,False
41,56,-0.016059672422258513,,,0.7686854814990819,False
41,57,-0.03016848861118057,,,0.7686806071295198,False
41,58,-0.02272094782999404,,,0.7686878432533841,False
41,59,-0.014927660152858128,,,0.7687037824938734,False
41,60,-0.020662051502642338,-0.1629089829001603,0.14224693139751796,0.7686945097470809,True
41,61,0.015828625421952645,,,0.7687482240511512,False
41,62,-0.025965334098594795,-0.1127826705169947,0.0868173364183999,0.7686982890741747,True
41,63,0.01818768023656748,,,0.768684256404064,False
41,64,-0.002225699546521614,,,0.7686910919660752,False
41,65,-0.015732363118639008,-0.0808077216043868,0.0650753584857478,0.7686754362401443,True
41,66,0.008352214022209037,,,0.7687099807983911,False
41,67,-0.01580364557153249,,,0.7686867716203749,False
41,68,0.005753532379668815,,,0.7687013453090923,False
41,69,0.006442348064363588,,,0.7686978130818429,False
41,70,-0.013605574040143252,-0.0363292575301895,0.022723683490046248,0.7686666889056526,True
41,71,0.0005183172928263308,,,0.7686960287608613,False
41,72,-0.008522487825341606,,,0.768695336881297,False
41,73,-0.02817687783718361,,,0.7686925147409688,False
41,74,0.008797142069880724,,,0.7687030750080032,False
41,75,0.02463183666826566,,,0.7687523857327411,False
41,76,0.006462227223769858,,,0.7687049347594636,False
41,77,-0.0032248989352000913,,,0.7686918072550987,False
41,78,-0.021856831349933586,,,0.7686783702256653,False
41,79,0.01219228231050183,,,0.7687121942927869,False
41,80,-0.014142441020815109,0.0066387370453351,0.020781178066150208,0.7687030541995953,True
41,81,-0.021899186528929276,,,0.7687139500022077,False
41,82,-0.014520959393876315,,,0.768670239340259,False
41,83,-0.0029699834755116984,,,0.7686967726614454,False
41,84,0.0063331677084761204,,,0.7687023441126738,False
41,85,-0.009398804452017871,-0.0378765431105195,0.02847773865850163,0.7686993841166431,True
41,86,0.0033346788098880583,,,0.7686975867904065,False
41,87,-0.011697543334747698,,,0.7686925277462238,False
41,88,-0.011323498167404196,,,0.7686775118788373,False
41,89,-0.006308007065576691,,,0.7686923872894701,False
41,90,-0.01562920972115642,,,0.7686956516084671,False
41,91,-0.005133642760511944,,,0.7686843708503076,False
41,92,0.003491656699970362,,,0.7686979301291376,False
41,93,-0.010987203130408792,,,0.7686907226168342,False
41,94,0.0038912560494650185,,,0.7686967856667004,False
41,95,-0.010407487647117766,,,0.7686868392477006,False
41,96,-0.003063874236189105,,,0.7686931337911053,False
41,97,0.004955411006264594,,,0.7686888680674756,False
41,98,-0.004309704989976463,,,0.7686920595570449,False
41,99,-0.012581060422215294,,,0.7687013010912254,False
42,43,-0.0007263646620811037,,,0.7686950143509738,False
42,44,-0.0074369654653391945,,,0.7686653285559829,False
42,45,-0.009914342199830636,,,0.7686986428171099,False
42,46,-0.0042479673629164634,,,0.7687028981365356,False
42,47,-0.022793660266618897,,,0.7687143817766726,False
42,48,0.005047349441069971,0.0022368409322011,0.002810508508868871,0.7686972928716442,True
42,49,0.014725370975331872,,,0.7686908526693839,False
42,50,-0.01712156306230981,,,0.7687031842521448,False
42,51,0.0009863607085164377,,,0.7686934147046126,False
42,52,-0.015526231119327265,,,0.7687292467831014,False
42,53,-0.00023580061234326462,0.2254831533296732,0.22571895394201646,0.7686945591670499,True
42,54,0.006718358911735264,,,0.7686938438780265,False
42,55,-0.010484268290507156,,,0.7686997170511702,False
42,56,-0.02256321925898745,,,0.7686988170875265,False
42,57,-0.013855741390628522,,,0.7686868210403436,False
42,58,-0.006330998009733682,,,0.7686963538922355,False
42,59,-0.0007542077392846801,,,0.7686960183566574,False
42,60,-0.032815136295643074,,,0.7687588545465623,False
42,61,8.967786904879281e-06,,,0.7686949857394128,False
42,62,-0.0011283475094145904,,,0.7686958050704757,False
42,63,-0.039126330597486256,,,0.7688272543845428,False
42,64,0.009089489710174948,,,0.7687120070171154,False
42,65,0.009179257114588594,,,0.7687034469582951,False
42,66,-0.015152453672150198,,,0.7686950663719936,False
42,67,-0.020106053969338476,,,0.7687148395616477,False
42,68,-1.3960580083860214e-05,,,0.7686949207131378,False
42,69,0.01252018699056797,,,0.7686917188193648,False
42,70,0.00044877028227807876,,,0.768696959937117,False
42,71,-0.008790298762033577,,,0.7686951027867075,False
42,72,-0.023743091989503605,,,0.7687353748592425,False
42,73,-0.016039874755497646,-0.1133841111778193,0.09734423642232165,0.7686945799754578,True
42,74,-0.02117775501046422,,,0.768712496014702,False
42,75,0.0013328118345776671,,,0.7686957322410479,False
42,76,0.01007253282104752,,,0.7686989185285152,False
42,77,0.0012604381080920032,,,0.7686944473218572,False
42,78,-0.03797802443213753,,,0.7687079129628513,False
42,79,0.011643084885233235,,,0.7686948140700471,False
42,80,0.009978392632717579,,,0.7686948244742512,False
42,81,-0.002216100653628728,,,0.7686974073178878,False
42,82,-0.00626598669383991,-0.1578177400445758,0.1515517533507359,0.7686861005492185,True
42,83,-0.008451094756566687,,,0.7687030047796263,False
42,84,-0.002336180154002542,0.0375291731122122,0.03986535326621474,0.7686979275280866,True
42,85,0.005216844661508353,,,0.7686847974226705,False
42,86,0.007688765792824473,,,0.768701100810299,False
42,87,-0.03320129166631833,,,0.7687562795060786,False
42,88,-0.017149220751881692,,,0.7686920777644018,False
42,89,0.011480723847766008,,,0.7686930479564226,False
42,90,0.006943120256905005,,,0.7687027862913427,False
42,91,-0.003989732008049032,,,0.7686960807818812,False
42,92,-0.007298896148413321,,,0.7687041388378595,False
42,93,-0.007590914644211593,,,0.7687004063296836,False
42,94,-0.008005476553686476,,,0.768701483164795,False
42,95,-0.013717935052317054,,,0.768699417930306,False
42,96,-0.02653764421256233,,,0.7687389304959509,False
42,97,-0.003438388720351678,,,0.7687004193349385,False
42,98,0.012921558134473998,,,0.7687094527850397,False
42,99,0.004536183306567196,,,0.7686997170511704,False
43,44,0.008346078800583273,,,0.768719152104195,False
43,45,0.009643852850464981,,,0.7687053821402345,False
43,46,0.030079852293887155,,,0.7686972148401144,False
43,47,0.0019254485443549567,,,0.7686945877786108,False
43,48,0.031154359765301256,,,0.7687027810892407,False
43,49,-0.025932822740727363,,,0.7687706997327877,False
43,50,-0.010969641868407307,,,0.7687120356286763,False
43,51,-0.020110381156777137,,,0.7687283364152537,False
43,52,0.036542991849127446,,,0.7687308490305135,False
43,53,-0.002984251327051976,,,0.7686952848602772,False
43,54,0.013723851598165502,,,0.7686924783262549,False
43,55,0.00020212390125995232,,,0.7686950949835545,False
43,56,0.018384906119639242,,,0.7687052520876849,False
43,57,0.056192887613832065,0.0714118103773732,0.015218922763541129,0.7688753244079568,True
43,58,0.027019290488522,,,0.7687079597817692,False
43,59,0.012240353525898038,,,0.7686897888395273,False
43,60,-0.001963895223081942,,,0.7686988951190562,False
43,61,0.03087646631619758,,,0.7687478286914002,False
43,62,-0.002142489860103864,,,0.7686959715377394,False
43,63,-0.020536232538579502,-0.066851093793814,0.0463148612552345,0.7687434043036598,True
43,64,-0.01265313016983666,,,0.7686977610608231,False
43,65,0.013569581044774416,,,0.7687028799291785,False
43,66,-0.009946694547163059,,,0.7686864022711337,False
43,67,0.001482003314642582,,,0.7686946241933247,False
43,68,0.05184103617009429,0.0576661202339801,0.005825084063885808,0.7687978104872946,True
43,69,-0.014542042281359868,,,0.7687204994486098,False
43,70,0.022962257237732937,,,0.7687287447802595,False
43,71,0.01565355854176704,,,0.7686894220913373,False
43,72,0.021554963569370863,,,0.768727821407157,False
43,73,0.044075982967541165,0.0237211977074955,0.020354785260045666,0.7687412714418453,True
43,74,0.01195529506163078,,,0.7686911778007581,False
43,75,0.004654092579705584,,,0.7686930869721875,False
43,76,0.002649497388861114,,,0.768694504544979,False
43,77,0.02488865279657218,,,0.7687161634966033,False
43,78,0.005473697176591344,,,0.7686909983282396,False
43,79,0.008568815474746087,,,0.7687016054141916,False
43,80,0.005910809841032833,,,0.7686874661009901,False
43,81,0.027916163008807983,,,0.7687073823484486,False
43,82,0.06242855787799647,0.0344661154588831,0.027962442419113373,0.7688153545762468,True
43,83,0.027223944255090685,,,0.7687216647194549,False
43,84,0.017847204072182026,,,0.7687027992965979,False
43,85,0.013429946689151883,,,0.7686803158118085,False
43,86,-0.012750097361522727,,,0.7687008276999444,False
43,87,-0.03381945654528581,,,0.7687171623001849,False
43,88,-0.0073965776384487935,,,0.7687019019340049,False
43,89,0.006294447088708872,,,0.7686987598644046,False
43,90,0.014379667203686561,,,0.7687125792483339,False
43,91,0.004875543404830119,,,0.7686974099189389,False
43,92,0.008511179730698842,,,0.7686921271843707,False
43,93,-0.0033413630407910025,,,0.7687003673139188,False
43,94,0.014219009100796152,,,0.7686795667091222,False
43,95,0.0018255995706925113,,,0.7686936383949982,False
43,96,-0.009496652255087125,,,0.7687062456891643,False
43,97,-0.011890265879821827,,,0.768690379278103,False
43,98,0.1089350581258416,0.1416245042931549,0.0326894461673133,0.7690685616883787,True
43,99,-0.008362626645919156,,,0.7687038163075363,False
44,45,0.0030528907568796618,,,0.7687069609781876,False
44,46,-0.008361153418437477,,,0.7686788254095892,False
44,47,-0.006276982984147252,,,0.7686879837101378,False
44,48,-0.024771811281859128,,,0.7686338922536736,False
44,49,-0.04047166241209284,-0.0651279879376663,0.024656325525573466,0.7686628419512329,True
44,50,-0.02211171895851882,,,0.7686822692011048,False
44,51,-0.021987540507173445,,,0.768656302909035,False
44,52,0.019143029263213866,,,0.7687312131776527,False
44,53,0.021409500900481507,,,0.7688067008795909,False
44,54,-0.00311309208498484,-0.0035316435665171,0.0004185514815322599,0.7686840119052705,True
44,55,-0.02754100780851359,,,0.7686116090498107,False
44,56,-0.002284977896583449,,,0.7686851381603508,False
44,57,-0.01940437343285712,,,0.7686873828673584,False
44,58,0.004316939838302133,,,0.7687104828012331,False
44,59,0.007887221119891926,,,0.7687244192324573,False
44,60,0.002857313583962304,,,0.7687023233042659,False
44,61,-0.011207573091445856,,,0.7686701170908623,False
44,62,0.003382115614723437,,,0.7687079571807182,False
44,63,0.0056650108909742205,,,0.7687069219624227,False
44,64,-0.03321470287246303,,,0.7686398122457351,False
44,65,0.0027932218288095334,,,0.7687090626273905,False
44,66,-0.006614811157041156,,,0.7686667981497944,False
44,67,0.010355936977147512,,,0.7687245388808027,False
44,68,9.254596337546217e-05,,,0.7686952692539711,False
44,69,0.002533176754867722,,,0.768703082811156,False
44,70,0.01594770637804878,,,0.7687587713129306,False
44,71,0.029827033277246014,,,0.7688334969069276,False
44,72,0.0023213607510602866,,,0.7687013375059393,False
44,73,-0.012431170554417361,,,0.7686602929212591,False
44,74,-0.0023278270835161343,,,0.7686875519356728,False
44,75,-0.007859253183199277,,,0.7686702211329022,False
44,76,-0.0030937917894666087,,,0.7686819986918014,False
44,77,0.021631614196965476,0.0381187111640087,0.016487096967043226,0.7687738990255097,True
44,78,-0.0036711702908425402,,,0.7686806045284689,False
44,79,0.007049173024218125,,,0.7687097441027508,False
44,80,-0.003299721960277781,,,0.7686918462708635,False
44,81,-0.01791037087059301,,,0.7686514779594417,False
44,82,-0.008990952996271596,,,0.7686711080912909,False
44,83,-0.01965707067432495,,,0.7686482032362406,False
44,84,-0.00945428069766288,,,0.7686879082796592,False
44,85,-0.004246494193240663,,,0.768680154546647,False
44,86,0.08183299077247594,0.2049060735700982,0.12307308279762227,0.7691717297749915,True
44,87,-0.0012767683589381467,,,0.7686922884495323,False
44,88,0.010425710606693074,,,0.7687370265266236,False
44,89,-0.01629389822959873,-0.0033916618739122,0.01290223635568653,0.7686576762639595,True
44,90,0.004582006163646244,,,0.7687091718715323,False
44,91,0.015791924076675998,,,0.7687663871902399,False
44,92,-0.0006676300930793051,,,0.7686926994155893,False
44,93,-0.0211389519512244,-0.1376515887159561,0.1165126367647317,0.768643562961268,True
44,94,0.017192454693604406,,,0.7687605166181473,False
44,95,0.008385691414125845,,,0.7687311351461229,False
44,96,-0.01690224214072005,,,0.7686518629149888,False
44,97,-0.007346804190613398,,,0.7686933444762358,False
44,98,-0.001707140771236319,,,0.7686900177320148,False
44,99,-0.00043094889995843114,,,0.7686941534030949,False
45,46,-0.00896734526729259,,,0.768692897095465,False
45,47,0.0065653165951988085,,,0.7686981928352881,False
45,48,-0.002904884244468815,0.0947870461303381,0.09769193037480692,0.7686917916487926,True
45,49,-0.0010834761556115608,,,0.7686942106262166,False
45,50,0.013607363952203261,,,0.7687107637147405,False
45,51,-0.025432667230399403,,,0.7687283546226105,False
45,52,0.006803277771360717,,,0.7687085762308545,False
45,53,0.006777158099490776,,,0.7687103709560404,False
45,54,-0.0051837257797935545,,,0.7686915939689171,False
45,55,0.025302500575957586,,,0.7687712537566492,False
45,56,0.005409022289448407,,,0.7687045836175794,False
45,57,-0.03494264793001011,,,0.7687140722516043,False
45,58,0.0067576031187927595,,,0.7687049945836364,False
45,59,-0.014499523992976254,,,0.7686949909415148,False
45,60,0.03320493889441785,0.1177999232134694,0.08459498431905155,0.7687378666660943,True
45,61,0.02568015097311403,0.0603022768803168,0.034622125907202775,0.7687431337943565,True
45,62,-0.013910120117021859,,,0.7686933756888478,False
45,63,0.0042863849231132,,,0.7686987702686087,False
45,64,-0.0022627659517605765,,,0.7686934329119696,False
45,65,-0.019917495574151803,,,0.7686896665901308,False
45,66,-0.007724167836610088,,,0.7686848338373845,False
45,67,-0.013864972112175973,,,0.7686931988173802,False
45,68,0.0053233898287192265,,,0.7686960443671671,False
45,69,-0.022986206823730537,-0.0578574985351801,0.034871291711449565,0.7687054601717643,True
45,70,0.014349058475012506,,,0.7687211184987462,False
45,71,-0.006899778663318261,,,0.7686902544276554,False
45,72,-0.004559154241677751,,,0.7686918254624556,False
45,73,-0.00310245944576008,,,0.7686910919660752,False
45,74,-0.0018429293911526676,,,0.7686929491164848,False
45,75,0.020151590546322127,,,0.7687360407282968,False
45,76,-0.0023819338363675526,,,0.7686923612789601,False
45,77,-0.007721030666174659,,,0.7686811065313105,False
45,78,-0.003173364068086557,,,0.768692865882853,False
45,79,0.011271063940568234,,,0.7687016912488746,False
45,80,-0.04663924898327568,-0.0254780842974741,0.02116116468580158,0.7687030672048502,True
45,81,0.0007713598884458083,,,0.7686956932252831,False
45,82,-0.0033567705332751604,,,0.7686885975581723,False
45,83,-0.00736001871293987,,,0.7686886781907531,False
45,84,-0.009971611205769856,,,0.7686832419941765,False
45,85,-0.002041266271916411,,,0.7686947958626902,False
45,86,-0.039714131148563946,,,0.7686972564569303,False
45,87,0.006405693979875097,,,0.7687023649210819,False
45,88,0.021466422973419143,,,0.7687355257202002,False
45,89,-0.0009691381430182418,,,0.7686943016630015,False
45,90,-0.02431665323832261,,,0.7686604984042877,False
45,91,-2.7627499650191567e-05,,,0.7686950065478206,False
45,92,-0.01582792197390344,,,0.7686949467236478,False
45,93,-0.0067258373407771705,,,0.7686914196985005,False
45,94,0.0075409485225396275,,,0.7687023857294899,False
45,95,-0.004936235315344198,,,0.7686895339365301,False
45,96,0.00616133017988023,,,0.7687031764489918,False
45,97,-0.025774015727738037,,,0.7687155470475178,False
45,98,0.03926631518169006,,,0.768789432502044,False
45,99,0.006261752410444963,,,0.7687061962691956,False
46,47,-0.0309757484135656,,,0.7687772179665777,False
46,48,0.0056423654099771806,,,0.7686871435706668,False
46,49,-0.028894672038834814,,,0.7687626104641972,False
46,50,-0.013560806611314964,,,0.7687250044689307,False
46,51,-0.019756719081101014,,,0.7687461432103564,False
46,52,-0.0038710830439180194,,,0.7687056708568948,False
46,53,0.01715585016627296,,,0.7686897784353235,False
46,54,0.008372098263822724,,,0.768669412206043,False
46,55,-0.008376906931452172,,,0.7687152817403164,False
46,56,0.005962103787732316,,,0.7686818478308437,False
46,57,-0.021931132109404908,,,0.7687145144302732,False
46,58,-0.009820463347733451,,,0.7687200078499719,False
46,59,0.029396524171482454,0.0372780364416123,0.00788151227012985,0.7686912818427978,True
46,60,0.006011513010856213,0.0287190219699919,0.02270750895913569,0.7686799984835873,True
46,61,0.025974956685161796,,,0.7687229366333909,False
46,62,-0.013688783772831914,,,0.7687161739008072,False
46,63,0.018398342746010744,,,0.7686519071328557,False
46,64,0.011570429109554125,,,0.7687021282254414,False
46,65,0.012396445764878174,,,0.7686740212684038,False
46,66,-0.008578411815591422,,,0.7687076788682619,False
46,67,0.005034026836688501,,,0.7686828492354764,False
46,68,-0.009953777918867854,,,0.7687146704933329,False
46,69,0.02308925575379215,,,0.76865013841818,False
46,70,-0.007849980526459998,,,0.7686904234959699,False
46,71,-0.007471881240267042,,,0.7687089195695859,False
46,72,0.0006094778133133652,,,0.7686947386395684,False
46,73,-0.005260012144177251,,,0.768707626847242,False
46,74,-0.014731894359143507,,,0.7687358560536762,False
46,75,-0.02338651063085329,,,0.7687258342041978,False
46,76,-0.004914658509686172,,,0.7687061182376657,False
46,77,0.005622715754201325,,,0.7686886339728862,False
46,78,-0.009985949594596368,,,0.7687202731571732,False
46,79,-0.010868142626038302,,,0.7687242995841114,False
46,80,0.0006836586316495974,,,0.7686935317519072,False
46,81,0.009324628343781251,,,0.7686819960907505,False
46,82,-0.002387663838244068,,,0.7686938672874856,False
46,83,-0.008525945623125327,,,0.7687186162876903,False
46,84,-0.0151442430506649,,,0.7687334995014761,False
46,85,-0.005271462678375318,,,0.7687095802365382,False
46,86,-0.04449644443140671,,,0.7688161374925959,False
46,87,-0.019266188087142824,,,0.7687457374464013,False
46,88,0.004695844109930363,,,0.7686913364648686,False
46,89,-0.008279039103498458,,,0.7687128263481784,False
46,90,0.0009389504868362042,,,0.768693271646808,False
46,91,0.0039699703138975605,,,0.768689544340734,False
46,92,0.005100287156953342,,,0.7686777433723758,False
46,93,0.011741831025461748,,,0.7686701248940154,False
46,94,0.015308666476481624,,,0.7686621344653628,False
46,95,0.011586749687611276,,,0.7686702159308001,False
46,96,0.01994923919202166,,,0.7686703511854518,False
46,97,-0.019126739714926,,,0.7687557697000839,False
46,98,0.020762001993039198,,,0.7686997872795471,False
46,99,-0.013134173101839768,,,0.7687042038641343,False
47,48,-0.018261139815623398,,,0.7687176148830577,False
47,49,-0.014305676054041762,,,0.7687127171040367,False
47,50,-0.009969462278716739,,,0.7687061000303088,False
47,51,0.0006483510133643289,,,0.768694517550234,False
47,52,0.0031609167849101505,,,0.7686896327764677,False
47,53,-0.013039740831230006,-0.0111691115427213,0.0018706292885087052,0.7687009421461884,True
47,54,-0.017627995230014817,,,0.7687321521570614,False
47,55,-0.012720318589365748,-0.02835484979883,0.01563453120946425,0.7687092264936032,True
47,56,-0.013283068935888175,,,0.768711343749112,False
47,57,0.002510259153679903,,,0.7686973266853072,False
47,58,-0.015711644305389846,,,0.768719167710501,False
47,59,-0.011645767672350166,,,0.7687237143476379,False
47,60,-0.047340167609053366,,,0.7688146939092945,False
47,61,-0.0066559247912810465,,,0.7686922234232575,False
47,62,-0.008073686119019704,,,0.7686920595570449,False
47,63,-0.00488950830056218,,,0.7687095048060595,False
47,64,-0.0180414488244196,,,0.7686896795953858,False
47,65,-0.0026743869205376296,,,0.7686948218732003,False
47,66,-0.0354067540081327,-0.1392703319402006,0.10386357793206791,0.7687465567774643,True
47,67,-0.0021163396542722215,,,0.7686978963154747,False
47,68,-0.02307301038783452,,,0.7687036056224059,False
47,69,-0.020593989270954943,,,0.7687320299076645,False
47,70,0.009758010154478629,,,0.7687164574153655,False
47,71,-0.010347155073748086,,,0.7687011944481348,False
47,72,-0.03911416548442663,-0.1224840300072224,0.08336986452279577,0.7687758107979902,True
47,73,4.328232084973779e-05,,,0.7686950611698916,False
47,74,-0.007554568350694029,,,0.7687012594744095,False
47,75,0.03733914867193662,,,0.7687237663686578,False
47,76,-0.0010911226540749291,,,0.7686944889386731,False
47,77,-0.01972619391457461,,,0.7687240368779611,False
47,78,-0.018670425477375022,,,0.7687186084845374,False
47,79,-0.00559250538992458,,,0.7686978182839448,False
47,80,-0.025524521495221338,,,0.7687336425592807,False
47,81,0.017844671356882055,,,0.7686908526693839,False
47,82,-0.0018330938188683994,,,0.7686939973400352,False
47,83,-0.039171963154731246,,,0.7687452458477634,False
47,84,-0.011400767620733923,,,0.768705561612753,False
47,85,0.002640865076027194,,,0.7686911205776362,False
47,86,-0.03414639283738695,,,0.7687687489445423,False
47,87,-0.026241568034451983,,,0.768731041508287,False
47,88,-0.020993679084552387,-0.1255041718144496,0.10451049272989721,0.7686991266125947,True
47,89,0.00030058316980048107,,,0.7686943406787664,False
47,90,0.005440693736578646,,,0.7686893050440428,False
47,91,-0.015361203718651972,,,0.7687140800547574,False
47,92,-0.009006881851907397,,,0.7687092186904502,False
47,93,-0.009128964742733833,0.0129600683554117,0.022089033098145534,0.768710870357831,True
47,94,0.0010050619127357906,,,0.76869489990473,False
47,95,-0.01360872850519789,,,0.7687116142584154,False
47,96,-0.02210708057391047,,,0.7687296863607194,False
47,97,-0.007767158260790084,,,0.768702315501113,False
47,98,-0.006552111677976662,,,0.7687012464691546,False
47,99,-0.022378571945291165,,,0.768717500436814,False
48,49,0.0074554047136945025,,,0.768691196008115,False
48,50,-0.025508601908037526,,,0.7687360771430108,False
48,51,-0.02540674736996555,,,0.7687450741783979,False
48,52,0.007677843431417034,,,0.7686803080086554,False
48,53,0.012291010794440524,,,0.7687141294747262,False
48,54,-0.010675175978919128,,,0.7687083603436222,False
48,55,-0.00787868813933142,,,0.7686991526231046,False
48,56,-0.003783288174447605,,,0.7686968428898222,False
48,57,0.017019915183420543,,,0.7687205254591196,False
48,58,-0.025493543492150626,,,0.7687277615829841,False
48,59,-0.0002779946301702113,,,0.7686952588497671,False
48,60,0.04426833000471743,0.2090430000621102,0.16477467005739277,0.76874502735948,True
48,61,-0.012638293528024869,-0.0337713968782101,0.02113310335018523,0.7686781335300248,True
48,62,0.025614595663627573,,,0.7687493112904665,False
48,63,-0.014237984319461418,,,0.7687264792648442,False
48,64,0.001937567016192113,,,0.7686980627827383,False
48,65,-0.009066207793654295,,,0.768694465529214,False
48,66,-0.0014491473089395697,,,0.7686953863012658,False
48,67,-0.017634606287194883,,,0.7687292181715404,False
48,68,-0.015547376034616006,,,0.7687016314247017,False
48,69,-0.012795844797155068,,,0.7687064511721927,False
48,70,-0.015032823859191025,,,0.7686631488752502,False
48,71,-0.008174069100101627,,,0.768694462928163,False
48,72,-0.022776825797281495,,,0.7687436149887905,False
48,73,-0.02721354404905846,,,0.7687195630702519,False
48,74,-0.012681588292823258,,,0.7686999771562696,False
48,75,-0.014872285121641488,,,0.7686902440234513,False
48,76,0.010852957895327182,,,0.768707231487491,False
48,77,-0.021160397404898463,,,0.7687236961402809,False
48,78,-0.015207881205510069,-0.0958366361587286,0.08062875495321853,0.7687030568006462,True
48,79,-0.006389563884045326,,,0.7687057306810676,False
48,80,-0.02066940940868238,,,0.7687363476523142,False
48,81,0.015901420607406867,0.1228235630198213,0.10692214241241443,0.7687094475829376,True
48,82,0.012052999188620673,,,0.7687184836340896,False
48,83,0.022144617629083214,,,0.7687059569725041,False
48,84,0.0029650193976010347,,,0.768692787851323,False
48,85,0.0035540027725073577,,,0.768689604164907,False
48,86,0.0030107103655669237,,,0.7686958622935975,False
48,87,-0.02876349471110208,,,0.7687338454412583,False
48,88,-0.017947036660275913,,,0.7686888264506598,False
48,89,-0.009862598488526272,,,0.7687096998848839,False
48,90,-0.0011356329541297467,,,0.7686948686921181,False
48,91,0.011171244581159465,,,0.7687045940217834,False
48,92,-0.002247450264016639,,,0.7686969573360661,False
48,93,0.013326519206511105,,,0.7686917656382826,False
48,94,0.015550905774554962,,,0.7687025443936004,False
48,95,-0.003947159509446693,,,0.7686962030312778,False
48,96,-0.017986062889733416,,,0.7687134948182838,False
48,97,0.013401882219385864,,,0.7687081132437777,False
48,98,0.011963415691544469,,,0.7686993320956232,False
48,99,0.005713135199032854,,,0.7686888940779856,False
49,50,-0.013838249545327544,-0.062909553070933,0.04907130352560546,0.7687011554323697,True
49,51,-0.002096096749635781,,,0.7686976128009164,False
49,52,0.0012635507753041026,,,0.7686945695712538,False
49,53,0.008753693430345433,,,0.7686968871076891,False
49,54,0.0029094989955967595,,,0.7686917240214667,False
49,55,0.019337080231840085,-0.0213871698631456,0.04072425009498569,0.7686787915959261,True
49,56,0.011168851674195217,0.1126946024785755,0.10152575080438028,0.7686883478572769,True
49,57,-0.06256991042889946,,,0.7688165640649589,False
49,58,0.006839153567677242,,,0.7686907408241911,False
49,59,0.006019707221789428,,,0.7686877314081915,False
49,60,0.020096611055641832,,,0.7686838194274969,False
49,61,-0.02136470480724315,,,0.7687209988504006,False
49,62,0.002172879615348091,,,0.7686947022248545,False
49,63,0.010763015519472513,,,0.7686738365937833,False
49,64,0.01389665528369995,,,0.768710498407539,False
49,65,0.0010547798422237409,,,0.7686943120672054,False
49,66,-0.01052939081477549,,,0.7687112136965623,False
49,67,0.007798030875485985,,,0.7686925381504278,False
49,68,0.02211692682894794,,,0.7686787005591413,False
49,69,0.01070467040490362,,,0.7686963668974903,False
49,70,0.025698202966687962,,,0.7687633231521697,False
49,71,0.017646330633764574,,,0.7686986662265689,False
49,72,0.013640405241820896,,,0.7686874947125512,False
49,73,0.014535838461930767,,,0.7686902154118903,False
49,74,-0.03442902189677172,-0.2386628917751755,0.20423386987840378,0.7687462576566,True
49,75,-0.007411158116738261,,,0.7686878094397213,False
49,76,-0.0037651423631414934,,,0.7686953212749911,False
49,77,-0.024432300561708014,,,0.7687224918536708,False
49,78,0.003989019401094923,-0.0722295700745374,0.07621858947563231,0.7686922832474306,True
49,79,-0.027669465975504876,,,0.7687309738809611,False
49,80,-0.008329467151137894,,,0.768703987976902,False
49,81,-0.01045510315580599,,,0.7687042064651852,False
49,82,0.03519913418105548,,,0.7687387198108204,False
49,83,-0.028787179157859687,,,0.7687683431805872,False
49,84,-0.03633102752684742,,,0.7688188035698645,False
49,85,-0.0113178186215325,,,0.7687226531188325,False
49,86,0.005121811212994071,,,0.7687004453454485,False
49,87,-0.02111922079169158,,,0.7686997456627311,False
49,88,0.007167173386553426,,,0.7686947100280075,False
49,89,0.035674545644815765,,,0.7687464761448836,False
49,90,0.005301528494601807,,,0.7686879576996278,False
49,91,-0.015123537194929003,,,0.7687212381470918,False
49,92,0.022877216849962148,,,0.7686835775297546,False
49,93,-0.00612761550683107,-0.1141384100744472,0.10801079456761613,0.7687018603171891,True
49,94,0.0021274072604371766,-0.0070373096914715,0.009164716951908677,0.7686936878149668,True
49,95,0.008448462339222293,,,0.768690826658874,False
49,96,0.006951130075889424,,,0.7686937008202219,False
49,97,-0.01901004959778819,,,0.7687087895170363,False
49,98,-0.027100808147346583,,,0.7687520475961119,False
49,99,-0.024593172647257987,,,0.7687292207725915,False
50,51,-0.03125230962032438,,,0.7687473396938133,False
50,52,-0.006875774906593791,,,0.768705194864563,False
50,53,-0.021784062267898,,,0.7686861083523714,False
50,54,-0.013947221541322602,,,0.7687114581953558,False
50,55,0.016102759747855685,,,0.7687001930435021,False
50,56,-0.01551770710616946,,,0.7687063055133372,False
50,57,-0.010711063307046487,,,0.7686897316164055,False
50,58,-0.003004780031650011,,,0.7686943276735113,False
50,59,-0.00873473287606261,,,0.7687068673403519,False
50,60,-0.026001753182106034,,,0.7687404339034253,False
50,61,-0.001729392067501917,0.0357904757015417,0.03751986776904362,0.7686914873258263,True
50,62,-0.030570291045985402,,,0.7687405535517708,False
50,63,-0.0011716998650398297,,,0.7686960677766262,False
50,64,-0.021882356451841473,,,0.7686920153391781,False
50,65,-0.015566872476081113,,,0.7687016912488746,False
50,66,-0.012423753180519262,,,0.7686958414851895,False
50,67,-0.013082812194763553,,,0.768717950418636,False
50,68,-0.011042095395721738,,,0.7687040035832079,False
50,69,-0.008097268608130918,,,0.768699475153428,False
50,70,0.009145129511008375,,,0.7687210326640634,False
50,71,-0.0041963384237899285,,,0.7686957140336911,False
50,72,-0.02062490502549267,,,0.7687289554653902,False
50,73,-0.01962879317453405,,,0.7687029761680654,False
50,74,-0.017686050074292352,,,0.768716649893139,False
50,75,-0.0019791583750107386,0.1328156518865005,0.13479481026151122,0.7686929959354026,True
50,76,0.00323543080756954,,,0.768696101590289,False
50,77,-0.04602140913978026,-0.1958213778700217,0.14979996873024146,0.7688062092809531,True
50,78,-0.02144046615165162,,,0.7687071430517572,False
50,79,-0.0012977162721311292,,,0.7686954903433056,False
50,80,0.0024048264317699745,,,0.7686931103816464,False
50,81,-0.005917654766121664,,,0.7687016210204975,False
50,82,0.00784338178316072,,,0.7687091016431554,False
50,83,-0.008060943268901322,,,0.76870230769796,False
50,84,0.022945557681862648,,,0.7686846699711719,False
50,85,0.001678297559940224,,,0.7686929022975668,False
50,86,-0.02842368049593147,,,0.7687185876761293,False
50,87,-0.0395505705334484,,,0.7688059335695477,False
50,88,-0.004501199674378037,,,0.7686898590679043,False
50,89,-0.007194748882429679,,,0.7687006794400381,False
50,90,0.018149893599699353,,,0.7687277173651171,False
50,91,-0.013473122726310226,,,0.7687099053679125,False
50,92,-0.011397673217251287,,,0.7687111356650327,False
50,93,-0.015293108925041411,,,0.7687135988603235,False
50,94,-0.01878836847180125,,,0.7687192925609486,False
50,95,-0.008298029489064048,,,0.7687013062933274,False
50,96,-0.0007904091574209605,,,0.7686954591306937,False
50,97,0.005009259423963751,,,0.7686907018084262,False
50,98,0.011788290745477761,,,0.768699813290057,False
50,99,0.0015565347931551336,,,0.7686960131545554,False
51,52,-0.015185660394175354,,,0.7687226557198835,False
51,53,-0.0063560575600916935,,,0.7686943302745625,False
51,54,-0.003918898339107774,,,0.7687004011275815,False
51,55,-0.01594536009713517,,,0.7687201743172355,False
51,56,-0.009889331448757987,,,0.7687055460064471,False
51,57,-0.017834944546012352,-0.0953532187429167,0.07751827419690435,0.7686854164728072,True
51,58,-0.010345397899948792,,,0.7687056552505889,False
51,59,-0.011147472198065379,,,0.7687092889188271,False
51,60,-0.011712852559609702,,,0.7687121526759709,False
51,61,0.010379263420240922,,,0.7687011996502368,False
51,62,0.0014248026659920837,,,0.7686923690821131,False
51,63,-0.02521512807521886,,,0.7687931572070668,False
51,64,0.011351012184242662,,,0.7687202939655813,False
51,65,0.010572794441401644,,,0.7686910269398004,False
51,66,-0.02365982344383116,,,0.7687251527288373,False
51,67,-0.010794483047907928,,,0.7687175342504768,False
51,68,-0.02593973044268015,,,0.7687266405300057,False
51,69,-0.06201250033147374,-0.1821000993260365,0.12008759899456276,0.7689405899794899,True
51,70,-0.0030181869074706064,,,0.7686891853956969,False
51,71,-0.008214461968594284,,,0.7686967362467315,False
51,72,-0.025015003471121476,,,0.7687763206039847,False
51,73,-0.008468901037746647,,,0.7687030333911873,False
51,74,0.0030509650529174045,,,0.7686912896459507,False
51,75,-0.004516101491903745,,,0.7686992670693483,False
51,76,-0.007686169147735041,,,0.7687012776817664,False
51,77,-0.011110977979540108,,,0.7686966790236097,False
51,78,-0.004814094654827642,,,0.7686992644682974,False
51,79,-0.02098990182482757,,,0.7687588415413074,False
51,80,-0.0014031573011919572,,,0.7686975711841005,False
51,81,-0.017735637801981792,,,0.7687133543615301,False
51,82,0.005541761105549693,,,0.7687001228151253,False
51,83,-0.043607425459770775,,,0.7687477740693294,False
51,84,-0.04006344472209282,,,0.76879515481423,False
51,85,-0.008092922339212131,,,0.7687078271281684,False
51,86,0.005332024394551519,,,0.7686930011375046,False
51,87,-0.012854587309660168,,,0.7687176825103835,False
51,88,-0.01163777191814772,,,0.7687107637147402,False
51,89,0.008900640539806326,,,0.7686799048457515,False
51,90,0.013943866257282993,,,0.7686760422850258,False
51,91,0.012979431793593392,,,0.7686934875340404,False
51,92,-0.010034791874890436,,,0.7687126962956286,False
51,93,-0.0059913377749300145,,,0.7687012724796645,False
51,94,-0.0066624878240303794,,,0.7687052130719199,False
51,95,-0.002775328113767411,,,0.7686972382495734,False
51,96,-0.012087798649216084,,,0.768709340939847,False
51,97,-0.03328653800166399,,,0.7687742111516291,False
51,98,0.006485649055288615,,,0.7686906159737434,False
51,99,0.019362063007821603,,,0.7686984217277756,False
52,53,-0.0053925922045815824,,,0.7687002112508591,False
52,54,-0.005248965889243758,,,0.7687084409762031,False
52,55,0.012011558400105211,,,0.7686873542557974,False
52,56,0.009967433994082849,,,0.7686816163373053,False
52,57,-0.0060356742366259285,,,0.768689182794646,False
52,58,-0.010873250189348711,,,0.7687140254326864,False
52,59,-0.007636766652113523,,,0.7687008615136077,False
52,60,-0.006936782759640183,,,0.7687054757780704,False
52,61,0.008116723455623384,,,0.7686964865458361,False
52,62,0.00799418043780646,,,0.7686837101833554,False
52,63,0.010178104150211907,,,0.7686719898475777,False
52,64,0.002371901389719052,,,0.7686929074996689,False
52,65,-0.004926568188522915,,,0.768698200638441,False
52,66,-0.024863789452391052,,,0.7687346335597093,False
52,67,0.009489158018569322,,,0.7686763362037882,False
52,68,-0.026572389682301904,,,0.7687261801439799,False
52,69,0.02354777713892199,,,0.7686763153953802,False
52,70,0.0007443315069100096,,,0.7686967180393747,False
52,71,-0.017677615164533013,,,0.7687210924882363,False
52,72,-0.02367863369853038,,,0.7687376221673009,False
52,73,0.005785888065428957,,,0.768682987091179,False
52,74,-0.020592699351296623,,,0.7687387952412991,False
52,75,0.0034104796758398608,,,0.7686945669702029,False
52,76,-0.00406404558960298,,,0.7686998705131789,False
52,77,-0.0039836334123154425,,,0.7686964917479381,False
52,78,-0.001349270963498645,,,0.768696515157397,False
52,79,-0.035343447990147596,,,0.7687548931458991,False
52,80,-0.00972132257313041,,,0.7687107142947717,False
52,81,-0.014660808586680106,,,0.768729397644059,False
52,82,0.018334632117634496,,,0.7687045185913045,False
52,83,0.023302721438983695,,,0.7686737481580493,False
52,84,-0.02333147653518003,,,0.7687293742346002,False
52,85,-0.01701378072675089,,,0.7687596738776252,False
52,86,0.010614728717157818,,,0.7686905925642846,False
52,87,0.0005351696416328203,,,0.7686945123481319,False
52,88,-0.013613074572765073,,,0.7687061130355638,False
52,89,-0.0013016243846626866,,,0.7686949363194439,False
52,90,-0.00990966647291379,,,0.7687052598908377,False
52,91,0.011077567235568834,,,0.7686822249832379,False
52,92,0.00284382500326654,,,0.7686909619135256,False
52,93,0.005936657949295974,,,0.7686898200521395,False
52,94,-0.014422873348200096,,,0.7687219196224522,False
52,95,0.007406666862794994,,,0.7686828050176094,False
52,96,0.010154282843554463,0.0694259058043765,0.05927162296082204,0.7686785314908269,True
52,97,0.012098216615791125,,,0.7686863840637768,False
52,98,0.022725763596732264,,,0.7687021594380532,False
52,99,0.07638304781387055,0.1317795350625343,0.05539648724866374,0.7686804588696131,True
53,54,0.005006782706551444,,,0.7687004557496525,False
53,55,-0.009563468960021146,,,0.7686887250096711,False
53,56,0.005904836874358327,,,0.7687023493147759,False
53,57,-0.03562029057973906,,,0.7687052859013477,False
53,58,0.008190429508526708,,,0.7687037720896693,False
53,59,-0.013735955272371094,,,0.7686951053877585,False
53,60,-0.020780955985503016,,,0.7687009421461883,False
53,61,0.0033910651416979142,,,0.7687057592926285,False
53,62,0.001767755473763611,,,0.7686963356848785,False
53,63,-0.021919628239067103,,,0.7687313302249473,False
53,64,0.020475940694873,,,0.7687662909513533,False
53,65,0.007451457469946264,,,0.7687081522595428,False
53,66,0.0081648005087769,,,0.7687040842157886,False
53,67,-0.019221419557852774,,,0.768714553446038,False
53,68,-0.007186370298537706,,,0.7686921375885747,False
53,69,0.010816169247018632,,,0.7686963564932865,False
53,70,-0.006201950079367111,,,0.7686749784551694,False
53,71,-0.000547218663343803,,,0.7686943068651034,False
53,72,-0.013737936480529758,,,0.7687045185913045,False
53,73,-0.004952411575913616,,,0.7686908760788429,False
53,74,-0.026438911859996434,,,0.7686802585886867,False
53,75,-0.005466870162790716,,,0.7686851667719117,False
53,76,0.0014453052411872742,,,0.7686981043995542,False
53,77,0.024815610592868208,0.0308803553041053,0.006064744711237094,0.7687440155506434,True
53,78,0.008271977941367428,,,0.7687069323666267,False
53,79,0.010344210837483296,,,0.7686898694721083,False
53,80,-0.020783984216378705,,,0.7687216959320667,False
53,81,0.005629012144274805,,,0.7686988300927814,False
53,82,-0.008893528541182099,,,0.7686729704438023,False
53,83,-0.006436702369243867,,,0.7686903272570832,False
53,84,-0.03468974300274441,-0.1659071968132741,0.13121745381052968,0.7687676200884109,True
53,85,-0.009242237889294593,,,0.7686959741387903,False
53,86,-0.0012961303977729252,,,0.768694161206248,False
53,87,-0.029258046051013852,,,0.7687205384643747,False
53,88,0.00076919232951871,,,0.7686960339629633,False
53,89,0.009832589021005853,,,0.7687072002748792,False
53,90,0.015629916465009618,,,0.7687182209279392,False
53,91,0.0029988386825426476,,,0.7686973813073781,False
53,92,-0.0023316214701828808,,,0.7686926239851106,False
53,93,-0.013917780519432368,,,0.7686845269133672,False
53,94,0.006030960593982617,,,0.7687005701958962,False
53,95,0.004913368868145258,,,0.7687013791227553,False
53,96,-0.0035958627422023473,,,0.768692473124153,False
53,97,-0.011801067857164074,,,0.7686967466509355,False
53,98,0.0006927010412505321,,,0.7686961718186658,False
53,99,0.004921161917921735,,,0.76869814601637,False
54,55,-0.0039642192868859765,0.1014689908956657,0.10543321018255168,0.7686999121299948,True
54,56,0.018936368020492374,,,0.7686831353510857,False
54,57,-0.020967487881444792,,,0.7687008250988935,False
54,58,-0.005262108531391231,,,0.7687013739206533,False
54,59,-0.0009031125760947602,,,0.7686964813437341,False
54,60,-0.00962983840559292,,,0.7687134714088247,False
54,61,0.014958844677011088,0.0131408938529605,0.0018179508240505887,0.7687162935491529,True
54,62,-0.004540698210836329,,,0.7687000473846464,False
54,63,-0.00692461688985305,,,0.76871869431922,False
54,64,-0.003020139149681922,,,0.7686923612789602,False
54,65,-0.0008307656762677057,0.0360952955446796,0.036926061220947305,0.7686954487264896,True
54,66,0.0026857045099532243,,,0.7686949727341578,False
54,67,-0.005514137500802159,,,0.7687028955354847,False
54,68,0.006195765390994387,,,0.76869531867394,False
54,69,0.0020270225342713254,,,0.7686942366367266,False
54,70,-0.005995241140971934,,,0.7686815226994695,False
54,71,-0.005928587068102977,,,0.7687011840439307,False
54,72,0.007537992845300066,,,0.7686895573459891,False
54,73,-0.0006308278357030953,,,0.7686958102725777,False
54,74,-0.0284003760498705,,,0.768738022729154,False
54,75,0.02008628474911753,,,0.7687257535716169,False
54,76,0.014777350205512609,,,0.7686864855047655,False
54,77,-0.002602528586327316,,,0.7686963955090514,False
54,78,0.011883188178017609,-0.0038800736869635,0.015763261864981108,0.7686847688111098,True
54,79,-0.003674123656827213,,,0.768700195644553,False
54,80,-0.009999276491515774,,,0.7687119211824326,False
54,81,-0.00330566377888703,,,0.7686996780354053,False
54,82,-0.0045440532613595305,,,0.7686889070832404,False
54,83,-0.003579021684430937,,,0.768699857507924,False
54,84,-0.012515007094533879,,,0.7687261177187561,False
54,85,0.005965249030192976,,,0.7686778292070586,False
54,86,0.002351282864180468,,,0.7686944291145003,False
54,87,-0.013256877786982152,,,0.7687089325748409,False
54,88,-0.009726669459761857,,,0.7687004427443975,False
54,89,-0.005264125440055936,,,0.7687032492784197,False
54,90,0.022782182939347362,,,0.7687495609913619,False
54,91,0.017204081995657854,,,0.7686828310281193,False
54,92,0.001961494334171924,,,0.7686921870085437,False
54,93,-0.0030317626614292403,,,0.7687002918834398,False
54,94,0.011859347092815994,,,0.7686759408440371,False
54,95,0.028565226579912905,,,0.7686769812644347,False
54,96,-0.003378533380100803,0.1500886314268191,0.1534671648069199,0.7686994595471219,True
54,97,-0.002667082970097854,,,0.7687009317419843,False
54,98,0.008391291868952613,,,0.7686903012465731,False
54,99,-0.0012975865664084877,,,0.7686955761779884,False
55,56,0.006632831335481933,,,0.7686941560041458,False
55,57,-0.027178487039829904,,,0.7686777485744778,False
55,58,-0.00985523040045588,,,0.7686950923825036,False
55,59,0.005213781950715838,,,0.768692826867088,False
55,60,-0.01170663666732537,-0.0686133888931523,0.05690675222582693,0.7687137081044654,True
55,61,0.03357653421189307,,,0.7687571872728753,False
55,62,0.0035112171115458564,,,0.7686928034576291,False
55,63,-0.015548210876961165,,,0.768749982361623,False
55,64,0.012049845834769066,,,0.7687140488421453,False
55,65,-0.006254950790644646,,,0.7686917864466906,False
55,66,0.03268618793460197,0.1565622558941216,0.12387606795951962,0.7687199376215952,True
55,67,-0.012233231846287591,,,0.7687097310974959,False
55,68,0.007416672405128808,,,0.7686921037749118,False
55,69,-0.007479759421015166,,,0.7687013271017353,False
55,70,0.013764655050926103,,,0.7687393674725177,False
55,71,0.005517692848927934,,,0.768694954526801,False
55,72,0.03593120798255654,0.2358375626900897,0.19990635470753315,0.7687130812511758,True
55,73,-0.005848354211156027,,,0.7686935707676722,False
55,74,-0.011422474913154925,-0.0322426905148039,0.020820215601648973,0.7687036810528846,True
55,75,0.008899714963902145,,,0.7687067919098731,False
55,76,0.005572580830815497,,,0.7686957582515579,False
55,77,-0.03204544470785053,,,0.7687403090529775,False
55,78,-0.00030720730844541015,,,0.768694889500526,False
55,79,-0.005650144634631901,,,0.7686987442580986,False
55,80,-0.021851811564349295,,,0.7687366389700254,False
55,81,0.011267515384690516,0.1082079701275443,0.09694045474285377,0.7686843058240328,True
55,82,-0.0015327375290837622,,,0.7686921714022377,False
55,83,0.033719843997058935,0.1455807844964269,0.11186094049936796,0.7686981850321349,True
55,84,0.00912124532629733,,,0.7686897992437315,False
55,85,0.006841026989606129,,,0.7686826775661106,False
55,86,-0.009948384219015585,,,0.768699378914541,False
55,87,-0.013735750204211378,,,0.7687044769744887,False
55,88,0.005099378792091177,,,0.7686983723078066,False
55,89,0.011422611002790494,,,0.7686960599734732,False
55,90,0.0022685453770029795,,,0.7686949155110361,False
55,91,0.00178246265390687,,,0.7686945175502339,False
55,92,0.0066995824311333165,,,0.7686874608988881,False
55,93,-0.0036891932680665662,,,0.7686967830656495,False
55,94,0.021756392940132225,,,0.7686785679055407,False
55,95,-0.005631646535568528,,,0.7686961848239209,False
55,96,-0.03670749155855402,-0.129349150240058,0.09264165868150398,0.7687594918040559,True
55,97,0.004745757838513429,,,0.7686887952380479,False
55,98,0.014582990578096937,,,0.7687076970756189,False
55,99,0.0038824307119324575,,,0.7686957062305381,False
56,57,-0.006355645007755073,,,0.7686849352783732,False
56,58,-0.005086788176672338,,,0.7686946033849168,False
56,59,-0.007501562498449401,,,0.7687004609517545,False
56,60,-0.0033060909284505363,,,0.768699836699516,False
56,61,0.00020020813314782513,,,0.7686951860203393,False
56,62,0.006028140303900583,,,0.768692025743382,False
56,63,-0.019280910570300996,,,0.7687570338108669,False
56,64,-0.003016088748189469,,,0.7686917448298748,False
56,65,-0.011774049425726933,,,0.7686913546722256,False
56,66,-0.009208678983088688,,,0.7686941455999419,False
56,67,-0.0005506214396999139,,,0.7686962212386348,False
56,68,0.012081153231243886,,,0.7687048255153218,False
56,69,0.003650974262684001,,,0.7686919399086992,False
56,70,0.0012890555916402861,,,0.7686998757152808,False
56,71,0.009117817751611575,0.1309031481920745,0.12178533044046291,0.7686995843975696,True
56,72,0.0032588280189773788,,,0.768694842681608,False
56,73,-0.00660159585381481,,,0.7686971758243495,False
56,74,-0.006502185519538238,,,0.7686979925543614,False
56,75,0.0015718571147151517,,,0.7686974151210408,False
56,76,0.013140266449199328,,,0.7687015976110387,False
56,77,0.014147841217942544,,,0.7687059569725042,False
56,78,-0.018752362044673822,,,0.7686990823947278,False
56,79,0.00035726856302703645,,,0.7686940415579021,False
56,80,-0.006081148357599993,,,0.7687003335002558,False
56,81,0.005181020951240687,,,0.7686930115417087,False
56,82,0.0007270622656032448,,,0.7686966634173038,False
56,83,-0.005709677207717786,,,0.7686992046441246,False
56,84,-0.0076555636802220686,0.0919824421362302,0.09963800581645227,0.7687050622109622,True
56,85,0.014631379014427404,,,0.7686668709792223,False
56,86,0.00038264087612656025,,,0.7686951313982685,False
56,87,-0.01817898641600598,,,0.7687117000930981,False
56,88,-0.010875850713862536,,,0.7686955397632745,False
56,89,-0.005469465289492832,,,0.7686995817965186,False
56,90,0.008830135564664167,,,0.7687069635792386,False
56,91,0.004364348582363316,,,0.7686939193085054,False
56,92,0.01996289756208973,,,0.7686781855510445,False
56,93,0.019346112212996168,0.0496714846285407,0.030325372415544533,0.7686889799126684,True
56,94,0.012468632344339162,0.0368389470608828,0.02437031471654364,0.7686860979481676,True
56,95,0.021203958714993126,,,0.7686951886213902,False
56,96,-0.013845864725186115,,,0.768710506210692,False
56,97,-0.007095781634388946,,,0.7687081314511348,False
56,98,0.0054239924238003445,,,0.7686945201512848,False
56,99,0.0005326247760698375,,,0.7686954279180818,False
57,58,-0.005380835661066707,,,0.7686945435607438,False
57,59,-0.028880628823809,,,0.7686921037749119,False
57,60,0.0038747684575600686,,,0.7686958414851898,False
57,61,-0.01400925537557604,,,0.7686846569659169,False
57,62,0.056110668175954066,0.1207322024291463,0.06462153425319223,0.7687982448628106,True
57,63,-0.04224187069054461,-0.1643207948425944,0.1220789241520498,0.7687877782336119,True
57,64,-0.023073033942550496,,,0.7686848624489454,False
57,65,-0.015271938829809008,,,0.7686791791525243,False
57,66,-0.00010690667246762015,0.0493291067080003,0.04943601338046792,0.7686953368812969,True
57,67,-0.001726174378633951,,,0.7686930999774423,False
57,68,-0.011458945223716148,,,0.7686796785543151,False
57,69,-0.0033097458348973693,,,0.7686950949835545,False
57,70,-0.03290657471230955,,,0.7686149826129494,False
57,71,-0.010286603315099101,,,0.7686780112806282,False
57,72,-0.01827574806845269,-0.0482867414064248,0.03001099333797211,0.7687168215625048,True
57,73,0.043052118785172476,0.1478918322550383,0.10483971346986581,0.7688321183499011,True
57,74,-0.005903004720787721,,,0.7686888732695776,False
57,75,-0.006125546683177101,,,0.7686846647690698,False
57,76,-0.016850654321099195,-0.0400771660352319,0.023226511714132703,0.7686876507756106,True
57,77,-0.03213837579883777,,,0.7686968662992811,False
57,78,-0.010113732476727245,,,0.7686826697629578,False
57,79,-0.005281097800590549,,,0.7686908838819958,False
57,80,0.007604183524208163,,,0.7687049529668205,False
57,81,-0.02863754677982815,,,0.7686991396178496,False
57,82,-0.0018049999270100866,,,0.7686910113334946,False
57,83,-0.005634330858879809,,,0.7686895911596519,False
57,84,0.01804516517120522,,,0.7687225880925577,False
57,85,0.015588878932499115,,,0.7687169568171563,False
57,86,-0.006939404092938901,,,0.7686851667719118,False
57,87,-0.036254455384552166,,,0.7686991422189006,False
57,88,-0.01985462040347812,,,0.7686680102395574,False
57,89,-0.14724134656882365,-0.2786923107479562,0.13145096417913255,0.7693081548996096,True
57,90,-0.05268896869736982,,,0.7686269994685403,False
57,91,-0.03790113790195324,,,0.7687477168462075,False
57,92,-0.00019167148085767229,,,0.7686949545268009,False
57,93,-0.002825713420984451,,,0.7686920829665038,False
57,94,-0.002906717514609537,,,0.7686935733687232,False
57,95,-0.008624577758418262,,,0.7686885299308465,False
57,96,-0.0029938431447443237,,,0.7686906940052733,False
57,97,0.008817250030144056,,,0.7686925407514787,False
57,98,0.009631045857820804,,,0.7687112214997153,False
57,99,0.05719253157928435,,,0.7688820767363365,False
58,59,0.0019881041480865496,,,0.7686945799754579,False
58,60,0.007788130838199597,,,0.7686875441325198,False
58,61,-0.011948195011812284,,,0.7686771035138313,False
58,62,-0.014208856030058961,,,0.7687008198967916,False
58,63,-0.00720856112365344,,,0.768718733334985,False
58,64,-0.02086409896719827,,,0.7686797877984568,False
58,65,-0.012572322202172411,,,0.7686889408969035,False
58,66,-0.014109116873602983,,,0.7686967154383236,False
58,67,-0.007383113556483116,,,0.7687049945836365,False
58,68,-0.0006445355503756911,,,0.7686941455999419,False
58,69,0.00031354589216110284,,,0.7686950741751466,False
58,70,0.004119176405736613,,,0.7687050960246251,False
58,71,-0.015657227969739024,,,0.7686987156465377,False
58,72,-0.013060415724950364,,,0.7686992202504305,False
58,73,-0.014545209524819754,,,0.7687028227060566,False
58,74,-0.0037608912510378244,0.0269783908744532,0.030739282125491024,0.7686988873159033,True
58,75,-0.02636072567427062,,,0.7687083889551832,False
58,76,0.002341726838632875,,,0.7686941299936358,False
58,77,0.0001226650323835031,,,0.7686948790963221,False
58,78,-0.014532531176861634,,,0.7687003126918479,False
58,79,0.0065435022541709305,,,0.7686902076087375,False
58,80,0.008494585354025854,,,0.7686838480390578,False
58,81,0.02060143407632458,,,0.7686660308397512,False
58,82,-0.015481113315905922,,,0.7686773350073698,False
58,83,-0.01872875703425896,,,0.7687174224052841,False
58,84,-0.021186523928065637,,,0.7687331275511842,False
58,85,-0.024951189068136877,,,0.7687467076384219,False
58,86,-0.003297697919166988,,,0.7686935681666213,False
58,87,-0.02770954150420556,,,0.7687468611004306,False
58,88,-0.015251784651795558,,,0.7687064979911107,False
58,89,-0.016666027095757308,,,0.7687108781609842,False
58,90,-0.006767890467279922,,,0.7686914405069084,False
58,91,0.011106155155280708,,,0.7686947776553332,False
58,92,0.0023297405057165032,,,0.7686941664083498,False
58,93,-0.01036608298472226,,,0.7687026146219773,False
58,94,-0.0013858951279669416,,,0.7686965307637029,False
58,95,-0.011521534012155893,,,0.7687030646037991,False
58,96,-0.019977569327803514,,,0.7687179556207379,False
58,97,-0.01808852192638952,,,0.7687334682888641,False
58,98,-0.006153125666232093,,,0.7686978000765878,False
58,99,0.011455139991637872,,,0.7687050283972993,False
59,60,0.05691414637057056,0.1593656638934961,0.10245151752292554,0.7687698699975206,True
59,61,-0.02699027401115218,-0.0846588073480123,0.05766853333686012,0.768719157306297,True
59,62,-0.005550645705637814,,,0.7687022608790421,False
59,63,-0.004601955039602364,-0.0222162937427941,0.017614338703191734,0.7687066722615273,True
59,64,-0.026268228045902377,,,0.7687303496287227,False
59,65,-0.01839730087205,,,0.7687176981166897,False
59,66,-0.013686228148893928,,,0.768708820729648,False
59,67,-0.016929768955159706,-0.055253738756052,0.038323969800892296,0.7687343604493548,True
59,68,0.009595323535562698,,,0.7686959247188214,False
59,69,-0.04654431848139982,,,0.7687950845858531,False
59,70,-0.03609963628276559,-0.1105587996801687,0.0744591633974031,0.7686646574848267,True
59,71,0.0022219395021242654,,,0.7686957868631188,False
59,72,0.01083800014888792,,,0.7686843552440017,False
59,73,-0.018281484057139884,,,0.7687320507160726,False
59,74,-0.013249859843904555,,,0.7687103059297655,False
59,75,0.022050949734418776,,,0.7687176486967207,False
59,76,0.00249099780281502,,,0.7686951027867076,False
59,77,-0.01851633867178145,,,0.7686958492883426,False
59,78,-0.00533565828683683,,,0.7686993503029802,False
59,79,-0.005301951055260539,,,0.7687051194340843,False
59,80,-0.009720937887408495,,,0.7687008667157095,False
59,81,-0.01996065216472094,,,0.76871212406441,False
59,82,0.005994235430845249,,,0.7687015716005287,False
59,83,-0.029762836096777122,,,0.7687572887138642,False
59,84,-0.01898639073460849,,,0.7687271061181337,False
59,85,-0.011668755831643417,,,0.7687222369506734,False
59,86,0.006377368946044327,,,0.7687016652383645,False
59,87,0.004795481179247201,,,0.7686952068287474,False
59,88,-0.006743911817955799,,,0.7687096478638642,False
59,89,-0.047085793640133364,-0.0870891293506802,0.04000333571054683,0.7688175550653875,True
59,90,0.021331250897405948,,,0.7687116220615683,False
59,91,0.026795715831466765,0.1421007216061704,0.11530500577470364,0.7686823420305328,True
59,92,0.004241642758559691,,,0.7686924939325608,False
59,93,-0.0226325884452426,,,0.7687357780221467,False
59,94,-0.006868008086492027,,,0.7687057384842207,False
59,95,-0.013097494306840513,,,0.7687117261036079,False
59,96,0.023079591755512323,,,0.7686998965236889,False
59,97,-0.021806950735379367,,,0.7687390293358887,False
59,98,0.009278601823357635,,,0.7686929907333007,False
59,99,-0.008613935545767849,,,0.7687017016530785,False
60,61,0.02689065668909156,,,0.7687472538591307,False
60,62,-0.008346129378716751,,,0.7687057124737108,False
60,63,-0.02410275304168038,,,0.768783660769889,False
60,64,-0.03356178456996039,-0.0442207398158727,0.010658955245912309,0.7687255584927924,True
60,65,-0.01782306325245127,,,0.7687185304530076,False
60,66,-0.018670648777602966,,,0.7687171909117458,False
60,67,-0.01896236718593884,,,0.768733150960643,False
60,68,0.01877750585232668,,,0.7687073485347858,False
60,69,-0.00076870308269502,,,0.7686955293590705,False
60,70,-0.007897696997832146,,,0.76868461274805,False
60,71,-0.019426692168703907,,,0.7687150554488799,False
60,72,0.006182081173338827,,,0.7686861395649834,False
60,73,-0.010931824513275781,,,0.7687078531386786,False
60,74,-0.0165479838670414,,,0.7687250486867977,False
60,75,-0.02135725130233871,,,0.7687226661240875,False
60,76,-0.01424192759983875,0.1244871957498267,0.13872912334966545,0.7687115492321404,True
60,77,-0.01045734267220609,,,0.7686962368449409,False
60,78,-0.011473453638567218,,,0.7687128237471273,False
60,79,0.008583474242336762,,,0.7686785991181526,False
60,80,-0.008756454528439643,,,0.7687038527222503,False
60,81,0.02711277602560159,-0.0228101224468165,0.049922898472418084,0.7686723565957678,True
60,82,-0.0026225716104996185,,,0.7686934407151226,False
60,83,-0.015124065232938255,,,0.7687145326376303,False
60,84,0.023877004318450724,,,0.7686807345810185,False
60,85,0.002723830980922093,,,0.7686881111616366,False
60,86,-0.0064519935015337,,,0.7687032102626548,False
60,87,-0.015309653026964232,,,0.768722861202912,False
60,88,0.03392341429768401,,,0.7687378406555845,False
60,89,-0.01380788047669165,,,0.7687210300630124,False
60,90,-0.013164057336316648,,,0.768687903077557,False
60,91,0.0017767837120737854,,,0.7686936071823861,False
60,92,-0.00600777438444554,,,0.7687058633346683,False
60,93,-0.00793953504871657,,,0.768707265301154,False
60,94,0.009205634339417401,,,0.7686822405895439,False
60,95,-0.01209310898192341,,,0.7687168501740655,False
60,96,-0.019156820586667882,,,0.7687364126785889,False
60,97,-0.005222389627111912,,,0.7687013765217043,False
60,98,-0.0009114547979017541,,,0.7686950715740957,False
60,99,0.006533434728354802,,,0.7686944603271121,False
61,62,-0.018244226083737533,,,0.7686847245932429,False
61,63,0.018899152863828986,,,0.7686787837927732,False
61,64,-0.014987298060475917,,,0.7686621942895356,False
61,65,0.016441336701468457,,,0.7687419529172055,False
61,66,0.028442269619711087,,,0.7687688998054999,False
61,67,-0.0026431320316825588,,,0.7686946450017327,False
61,68,0.005975429579014285,,,0.7686979327301887,False
61,69,-0.013103113956564088,,,0.768699433536612,False
61,70,0.029075327428781196,,,0.7687919971383237,False
61,71,-0.010817376685481054,,,0.7686840431178824,False
61,72,0.01571775769092318,,,0.7687254206370898,False
61,73,-0.031106315516943397,-0.1802765504181279,0.1491702349011845,0.7686741747304124,True
61,74,0.011521178163018241,,,0.7687078765481374,False
61,75,-0.007770891296638854,,,0.7686831457552896,False
61,76,0.00443843443755147,,,0.768703509383519,False
61,77,0.0015136032711491124,,,0.7686975451735907,False
61,78,0.008500655930239718,,,0.7687157213179343,False
61,79,-0.019572716382502568,,,0.7687113515522651,False
61,80,-0.012586531106036239,,,0.7686957660547109,False
61,81,0.019150561364169563,,,0.7687258576136567,False
61,82,0.002551675143220737,,,0.7687024403515608,False
61,83,-0.0008723172753696464,,,0.7686943146682567,False
61,84,0.043819519901905385,,,0.7687890215359869,False
61,85,-0.014222674964561253,,,0.768700619615865,False
61,86,0.003156948891334034,,,0.7686961067923911,False
61,87,0.002166966641521038,,,0.7686984581424894,False
61,88,0.01630160027008134,,,0.7687307918073917,False
61,89,0.04235510814421167,0.0589908727608386,0.016635764616626927,0.7688347922303225,True
61,90,0.010551694193013113,,,0.7687033351131025,False
61,91,0.011245680785066825,,,0.7687062586944194,False
61,92,0.01088238222837054,,,0.7687056656547929,False
61,93,0.008237395121342255,,,0.7687032206668587,False
61,94,0.012666343747236481,,,0.768707658059854,False
61,95,0.0072275897925779,,,0.7687054601717643,False
61,96,-0.021113245366746653,,,0.7686830963353206,False
61,97,0.0704155742966503,0.1977326473432784,0.1273170730466281,0.7688738027931256,True
61,98,0.004687831479383573,,,0.7686991708304616,False
61,99,0.022397230199616737,,,0.7687451938267437,False
62,63,-0.0030092248130333156,0.0353593650579186,0.038368589870951916,0.7686967128372726,True
62,64,0.008866504016410499,,,0.768701920141362,False
62,65,0.004780263928671432,,,0.7686975815883044,False
62,66,0.0065717273416053545,,,0.768694483736571,False
62,67,-0.004228746704056043,,,0.7686971446117377,False
62,68,0.021049927272914687,,,0.7687215320658543,False
62,69,0.022149923841018077,,,0.7686808152135993,False
62,70,-0.0047352803485600295,,,0.7686864594942556,False
62,71,-0.002243988695198155,,,0.7686954799391015,False
62,72,-0.0218399065088552,,,0.7687190350569002,False
62,73,0.020367310427288614,0.1296149812162038,0.10924767078891517,0.7686958024694247,True
62,74,0.006243271121365489,,,0.7686919008929344,False
62,75,0.0006850901130451975,,,0.7686955735769374,False
62,76,-0.008386889176278438,,,0.7686934407151226,False
62,77,-0.01212181801975262,,,0.7686886235686823,False
62,78,0.004084724351891205,,,0.768692855478649,False
62,79,0.007283526035033265,,,0.7687009811619532,False
62,80,-0.015994918176589795,,,0.7686941455999419,False
62,81,0.015082244059046018,,,0.7686877652218543,False
62,82,0.019697917542691103,,,0.7687112787228372,False
62,83,-0.016660245719589524,,,0.7687180388543697,False
62,84,-0.013170681912455509,,,0.7687154404044271,False
62,85,0.011897403069155826,,,0.7686863684574708,False
62,86,0.01486950960603145,,,0.7686953915033679,False
62,87,-0.03456744509732093,,,0.768726505275354,False
62,88,0.029936225033504422,0.18013859254014,0.15020236750663557,0.7687516704437178,True
62,89,-0.003997161449102836,,,0.7687030333911873,False
62,90,-0.0012589667441622824,,,0.7686933444762358,False
62,91,0.04978694099203949,0.1405615971940712,0.0907746562020317,0.7687288150086364,True
62,92,0.023493282328365568,,,0.7686983124836337,False
62,93,-0.009517161977143689,,,0.7687003725160207,False
62,94,0.00459598594963527,,,0.7686945747733559,False
62,95,0.0003973795159110012,,,0.7686947516448234,False
62,96,6.0134884719661996e-05,,,0.7686948660910671,False
62,97,0.04082281194741037,0.0703105704777032,0.029487758530292826,0.7687053847412855,True
62,98,0.005820551765131673,,,0.7686890839547083,False
62,99,-0.021389399680102263,,,0.7686828154218134,False
63,64,-0.01436645562925943,,,0.7687224580400078,False
63,65,-0.005562279830465886,,,0.768706815319332,False
63,66,-0.023900227099947546,,,0.7687563367292004,False
63,67,0.006003181616745521,,,0.7686802689928907,False
63,68,-0.008756781695788241,,,0.768704757887996,False
63,69,0.003781870250399458,,,0.7686895963617539,False
63,70,0.0025206020296580506,,,0.768699017368453,False
63,71,-0.028258193882025915,,,0.7687636716930026,False
63,72,0.014062719631262304,0.0487852980331977,0.03472257840193539,0.7686816813635803,True
63,73,-0.021916990437930252,,,0.7687543677335983,False
63,74,-0.02490190483743647,,,0.76877010409211,False
63,75,0.007269010077642546,,,0.768686316436451,False
63,76,-0.008637196000990157,,,0.7687114946100697,False
63,77,-0.012696177125039022,,,0.7687158409662801,False
63,78,-0.016885611812817013,,,0.7687493711146394,False
63,79,-0.008509241309353627,,,0.7687195708734049,False
63,80,-0.027229845338368808,,,0.7687817698058166,False
63,81,0.0018482535757212565,,,0.7686915107352852,False
63,82,-0.019010664231345405,,,0.7687059283609432,False
63,83,0.01354074432341728,,,0.7686877574187013,False
63,84,0.0035874429162766636,0.0245572758773004,0.020969832961023734,0.768685442483317,True
63,85,-0.010668042771500973,,,0.7687324044590078,False
63,86,-0.003278606672170896,,,0.7687014831647948,False
63,87,-0.01287200268490175,,,0.7687141268736752,False
63,88,-0.005331647807872732,,,0.7686968116772103,False
63,89,-0.0008788002238115881,,,0.7686975295672847,False
63,90,-0.014932680946538478,,,0.7687196332986288,False
63,91,-0.025772167603245234,-0.2744842804009899,0.24871211279774463,0.7687464787459345,True
63,92,-0.012178790906546045,,,0.7687434069047109,False
63,93,-0.014951230606317143,,,0.7687528669271749,False
63,94,-0.007604483405917295,,,0.7687195786765578,False
63,95,-0.009413312607432674,,,0.7687213708006926,False
63,96,-0.01863809838742551,,,0.7687443875009355,False
63,97,-0.00951360313559094,,,0.7687248666132281,False
63,98,-0.002739357789770235,,,0.7686995869986205,False
63,99,-0.002664284675890848,,,0.7686964865458362,False
64,65,0.005801863503938715,,,0.7687087635065263,False
64,66,-0.005022036519835672,,,0.7686870343265251,False
64,67,-0.0017740570114693228,,,0.7686937346338848,False
64,68,-0.001926851130448948,,,0.7686944291145,False
64,69,0.009111711908537604,,,0.7687003308992048,False
64,70,-0.002087327676066655,0.0104899494089896,0.012577277085056255,0.7686912870448999,True
64,71,0.006310530914412138,,,0.7687093279345918,False
64,72,-0.04405942754268752,-0.1066147807803139,0.06255535323762638,0.7687677683483177,True
64,73,-0.011081682538660443,,,0.7686936279907942,False
64,74,-0.0020529291148680025,,,0.7686931493974113,False
64,75,-0.022290938494431926,,,0.7686522582747398,False
64,76,0.0034481381416820757,,,0.768701860317189,False
64,77,-0.011484214051012043,,,0.7686757431641618,False
64,78,-0.004174459979035271,,,0.7686878692638941,False
64,79,-0.012780180137062454,,,0.768697357897919,False
64,80,0.017522715283559944,,,0.768691635585733,False
64,81,0.014136420571026872,,,0.7687037616854654,False
64,82,-0.01869503997703414,,,0.7686664209974002,False
64,83,0.006853649663374572,,,0.7686983254888887,False
64,84,0.005836163393271994,,,0.7687019305455659,False
64,85,0.022685993860249144,,,0.7687156458874554,False
64,86,-0.038107692304678344,,,0.7686998262953121,False
64,87,-0.0049360279470754935,,,0.7687028149029037,False
64,88,0.006093454276145159,,,0.7686987208486397,False
64,89,-0.0049107426939262195,,,0.768699844502669,False
64,90,0.022853364851832078,,,0.7687444005061905,False
64,91,0.005520957079242351,,,0.768700245064522,False
64,92,0.012771208102428502,,,0.7687153571707953,False
64,93,-0.019732856687845583,,,0.7686812183765033,False
64,94,-0.019725574628240573,,,0.76868707334229,False
64,95,-0.0031761606126706173,0.1608804929628692,0.1640566535755398,0.7686903870812559,True
64,96,0.004034171642633207,,,0.7686967258425275,False
64,97,-0.01822133622158048,,,0.7686960443671672,False
64,98,0.024164521712984655,,,0.7687173313684994,False
64,99,0.037530975174992987,,,0.7687580768323152,False
65,66,-0.001994646422960089,,,0.7686930661637795,False
65,67,-0.014244401566739485,,,0.7687114425890498,False
65,68,0.008559666602624276,,,0.7687032154647567,False
65,69,-0.002420665833824855,,,0.7686947022248545,False
65,70,-0.0008212592770952508,,,0.7686915315436931,False
65,71,0.0022211083370035946,,,0.7686970847875648,False
65,72,-0.009134027657443703,,,0.768703501580366,False
65,73,0.011899018129046965,,,0.76870144414903,False
65,74,-0.0019078279691694504,,,0.7686945825765088,False
65,75,-0.03027884282479531,,,0.7686806487463357,False
65,76,0.01834763671107211,,,0.768721160115562,False
65,77,-0.007457509798662347,,,0.7686935005392954,False
65,78,-0.005165501086615499,-0.1898737162801761,0.1847082151935606,0.768692418502082,True
65,79,-0.0107061495945711,,,0.7687156380843025,False
65,80,-0.018740427606933813,,,0.7687175446546809,False
65,81,-0.003384936243636498,,,0.7686952276371551,False
65,82,-0.006721399256076651,,,0.7686807449852224,False
65,83,0.0033533475799530487,,,0.7686950039467698,False
65,84,0.005912592947806855,,,0.7686918800845264,False
65,85,0.0029180981211637544,,,0.7686907200157832,False
65,86,-0.0092898682729655,,,0.7686843370366448,False
65,87,-0.00671643892122095,,,0.7686989289327192,False
65,88,0.003142862536358645,,,0.768698996560045,False
65,89,-0.008276315497995006,,,0.7687043937408569,False
65,90,0.011466871218745922,,,0.7687149019868713,False
65,91,-0.0030896588290306253,,,0.7686926499956205,False
65,92,0.021676969196399536,,,0.7686890111252803,False
65,93,-0.002198846602767382,-0.1068147545297737,0.10461590792700631,0.7686955397632744,True
65,94,0.0002369844443695311,,,0.7686951756161352,False
65,95,0.0051753254399522775,,,0.7686978338902509,False
65,96,-0.016433748822728286,,,0.7687028747270765,False
65,97,-0.0014231694398775911,,,0.7686964189185104,False
65,98,0.0050643384388220185,,,0.7686977090398032,False
65,99,0.009389195525118035,-0.0086674605392557,0.018056656064373733,0.7687051220351351,True
66,67,-0.02106112444873786,,,0.7687251111120215,False
66,68,-0.002458146003550557,,,0.7686919373076482,False
66,69,-0.018634222801002465,,,0.768696980745525,False
66,70,0.02023647514143545,,,0.768760670080156,False
66,71,-0.018142618149399093,0.0029673158473698,0.021109933996768894,0.7686822718021556,True
66,72,0.0053521605706934525,,,0.7686927228250483,False
66,73,-0.021641465206201093,,,0.7686915237405403,False
66,74,0.007255559740228786,,,0.7686931129826974,False
66,75,0.013354788659179584,,,0.768715838365229,False
66,76,0.017504222448996944,,,0.7687114217806419,False
66,77,0.005763105122075798,-0.0393647462730604,0.0451278513951362,0.7686996598280484,True
66,78,-0.008319476481582735,,,0.768696543768958,False
66,79,-0.0037603872417198312,,,0.7686970899896667,False
66,80,0.004930680394144555,,,0.7686956125927022,False
66,81,0.012069403396791526,,,0.7686931233869013,False
66,82,0.010270057796232477,,,0.7687146314775679,False
66,83,0.009648368297065595,,,0.7686929855311986,False
66,84,0.007123356581603524,,,0.7686895053249692,False
66,85,-0.0013741825789567105,,,0.7686966712204568,False
66,86,0.005123225620035289,,,0.7686939427179643,False
66,87,-0.023494070568792724,,,0.768703527590876,False
66,88,-0.0024543291623286578,,,0.7686918514729653,False
66,89,0.0030929092403302037,,,0.7686945903796618,False
66,90,0.016800753828153665,,,0.7687303704371308,False
66,91,0.00539987782579966,,,0.7686979847512085,False
66,92,0.004729551670035857,,,0.7686955423643254,False
66,93,-0.01797047991114352,,,0.7686978937144238,False
66,94,0.0004945091226968429,,,0.7686946215922736,False
66,95,0.014433137214907726,,,0.7687044977828967,False
66,96,0.001264331836795994,,,0.7686938100643637,False
66,97,-0.005805268827569094,,,0.7687038033022814,False
66,98,0.025487989520484526,0.1041579488112789,0.07866995929079437,0.7687216751236589,True
66,99,-0.009844087433758437,,,0.7686891567841361,False
67,68,-0.016771577319449203,-0.0426392704847787,0.0258676931653295,0.7687028123018528,True
67,69,-0.013867769771943542,,,0.7687066176394565,False
67,70,-0.02600570034301311,,,0.7686897836374254,False
67,71,0.00226425895130409,,,0.7686937944580576,False
67,72,0.012029823474589089,,,0.7686889591042605,False
67,73,0.011364755848088565,,,0.7686881371721465,False
67,74,0.004372548317992541,,,0.7686877730250073,False
67,75,0.007850639197769767,,,0.7687031920552979,False
67,76,-0.01122108170073046,,,0.7687081782700527,False
67,77,0.025055226859269843,,,0.7686933236678279,False
67,78,-0.011902390478525208,,,0.7687130136238499,False
67,79,-0.004649285835175678,,,0.768707606038834,False
67,80,-0.05298935775449403,-0.1242560874699613,0.07126672971546727,0.7688447282451183,True
67,81,-0.03753050852336079,,,0.7687878380577848,False
67,82,-0.006338241706602191,,,0.7686905145327546,False
67,83,-0.017954055227512644,,,0.7687330677270111,False
67,84,-0.00018409799802662948,,,0.7686951027867076,False
67,85,-0.005056695576346191,,,0.7687067320857002,False
67,86,-0.0002356604776592667,,,0.7686951704140332,False
67,87,0.00714576347984436,,,0.7686814862847556,False
67,88,0.012362836008875425,,,0.7687215710816191,False
67,89,0.004848224574429443,0.0642795658829615,0.05943134130853206,0.7686913312627667,True
67,90,0.007403914163825489,0.1690407156652086,0.1616368015013831,0.7686979301291377,True
67,91,0.014423792781547299,,,0.7686850029056991,False
67,92,-0.0032900074062018744,0.0558351718129847,0.05912517921918658,0.7687007106526499,True
67,93,-0.012907849615515093,,,0.7687102122919298,False
67,94,-0.009727094603700871,,,0.7687079857922792,False
67,95,-0.002771762246436004,,,0.7686984347330303,False
67,96,-0.014213179059283447,,,0.7687221225044297,False
67,97,-0.00799085257294328,,,0.7687174588199982,False
67,98,0.013342154227270005,,,0.7686983098825827,False
67,99,-0.020401351926082896,,,0.7687072731043069,False
68,69,0.0010410987461375067,,,0.7686951834192883,False
68,70,0.011025635102090136,,,0.7687212823649587,False
68,71,0.007514446526021342,,,0.7686972642600832,False
68,72,-0.007937114067416014,0.0328584630065231,0.04079557707393911,0.7686963200785726,True
68,73,0.0018319105123340675,,,0.7686954903433055,False
68,74,0.010031773756420862,,,0.7686962654565018,False
68,75,0.010933807979025212,,,0.7687028747270767,False
68,76,0.019997516215857887,,,0.7687054705759682,False
68,77,-0.01929455244070049,,,0.7686797956016097,False
68,78,0.001153836099763477,,,0.7686943796945314,False
68,79,0.014703013059483672,,,0.7686905249369587,False
68,80,0.0038369923253439597,,,0.7686970041549839,False
68,81,-0.00257246139428682,,,0.7686939635263722,False
68,82,-0.02413841515592862,,,0.7686803860401853,False
68,83,-0.002317709853838256,,,0.7686930323501165,False
68,84,-0.003525585488944452,,,0.7686980861921973,False
68,85,-0.02060347329792341,,,0.7687299984868385,False
68,86,-0.008371913890376337,,,0.7686854320791131,False
68,87,0.0011045553307536655,,,0.7686950533667386,False
68,88,0.01955390420569145,,,0.7687019487529229,False
68,89,0.017309406378186336,,,0.7686976258061714,False
68,90,0.06820250876810668,0.2067899518248412,0.1385874430567345,0.7688813640483642,True
68,91,0.014683325290922315,,,0.7686989367358721,False
68,92,0.010485027654383135,,,0.7686953680939088,False
68,93,-0.01203247088348282,,,0.7687054445654583,False
68,94,-0.0008729917236125692,,,0.7686954305191327,False
68,95,0.005042847855394061,0.1856926930024096,0.18064984514701554,0.7686979691449026,True
68,96,-0.0346177002431498,-0.0930648298619582,0.0584471296188084,0.7687134870151308,True
68,97,-0.02163741997981582,,,0.7687147017059449,False
68,98,0.034356970242858526,,,0.7686988300927815,False
68,99,0.021833990670206326,,,0.7687299464658187,False
69,70,-0.014891222485653308,,,0.7686816189383563,False
69,71,-0.0009295345373651152,,,0.768695331679195,False
69,72,0.017168219372777516,,,0.768699032974759,False
69,73,-0.017943142280517445,,,0.7687204032097229,False
69,74,0.005949212211887577,,,0.7686914691184694,False
69,75,-0.0074135284736131825,,,0.7686962836638587,False
69,76,0.0007978745792995832,,,0.7686951678129824,False
69,77,0.01901638598185073,,,0.76870804041435,False
69,78,-0.0030191963759987664,,,0.7686974723441627,False
69,79,0.01977025135193429,,,0.7686791453388613,False
69,80,-0.013157139244951838,,,0.7687169854287172,False
69,81,-0.011909288724065591,,,0.7687124491957843,False
69,82,-0.052257709310263106,,,0.7687713317881788,False
69,83,-0.0035788978938551524,,,0.7686958674956996,False
69,84,-0.00582624875254583,,,0.7687054289591523,False
69,85,-0.0032997966141034537,0.0367446441600521,0.04004444077415556,0.7687012230596956,True
69,86,0.021986683536166736,,,0.7687036966591907,False
69,87,-0.004853206208993235,,,0.7687004297391427,False
69,88,-0.019782502897584674,,,0.7686979145228316,False
69,89,-0.015316957202371776,,,0.7686978677039138,False
69,90,-0.009828040140576763,,,0.7686998939226379,False
69,91,-0.018176953500260884,,,0.7687259434483394,False
69,92,0.001954439150817862,,,0.7686941976209617,False
69,93,0.0006027906277383437,,,0.7686945721723047,False
69,94,-0.005800678942210348,,,0.7686999771562697,False
69,95,0.010691802779511489,,,0.7686889981200253,False
69,96,0.012753911620197938,,,0.7686868938697715,False
69,97,0.005505739450990285,,,0.7686874634999392,False
69,98,-0.004002429647525606,,,0.7687020527949625,False
69,99,-0.01752316616971034,,,0.7687207439474031,False
70,71,-0.003421560831944181,,,0.7686876351693046,False
70,72,-0.00633409259673137,,,0.7686905119317037,False
70,73,0.003691359806739805,,,0.7687067034741393,False
70,74,-0.014857203321101343,,,0.7686598455404885,False
70,75,0.01985303365283752,,,0.7687653311635366,False
70,76,0.012178492909977601,,,0.7687393050472939,False
70,77,0.026324587804520985,,,0.768748346300548,False
70,78,0.009746420433310378,,,0.7687324668842316,False
70,79,0.007859714855441378,,,0.7687032804910315,False
70,80,-0.00028174335728672634,0.0336467504084685,0.03392849376575523,0.7686945721723049,True
70,81,-0.014562274184057863,,,0.7686781673436878,False
70,82,-0.005608599167953195,,,0.7686852422023905,False
70,83,-0.0010271787858822344,,,0.7686940285526471,False
70,84,0.026063361443740378,,,0.7687155860632827,False
70,85,0.009506337192600094,,,0.7687164808248245,False
70,86,-0.012063600980775161,,,0.7686759980671591,False
70,87,-0.012111674972458311,,,0.7686827920123545,False
70,88,0.012649145567919328,0.0621444878948717,0.04949534232695237,0.7687397940448808,True
70,89,-0.004046437809579882,,,0.7686878458544351,False
70,90,0.021433207777539508,,,0.768773404825821,False
70,91,0.016626483200113923,,,0.7687457608558602,False
70,92,0.0018539299685472934,,,0.7687001566287881,False
70,93,0.02105654292374682,,,0.7687591614705797,False
70,94,0.02253893974183836,,,0.768748668830871,False
70,95,0.01151539281660556,,,0.7687335229109351,False
70,96,-0.05807622227487107,-0.1654453606425188,0.10736913836764773,0.768662446591482,True
70,97,0.0790527233436669,0.1431811370568763,0.06412841371320939,0.7689774078563054,True
70,98,-0.005454014253441976,,,0.768689960508893,False
70,99,-0.028926123726364918,,,0.7686516626340623,False
71,72,0.007913266530244977,,,0.7686873230431854,False
71,73,-0.008050841567928964,,,0.7686926109798555,False
71,74,-0.011936863543661006,,,0.7686990589852688,False
71,75,0.00885076188790608,,,0.7687118795656166,False
71,76,0.023022949757568863,,,0.7687163325649178,False
71,77,0.011334935076806094,,,0.7687004713559584,False
71,78,-0.0029586825959705687,,,0.768694918112087,False
71,79,0.003284035781793271,,,0.7686908552704349,False
71,80,-0.004666285648250392,,,0.7687010721987381,False
71,81,-0.015393089955607574,,,0.768706778904618,False
71,82,0.009848010392342496,,,0.7687117052952002,False
71,83,-0.00018159048224991245,,,0.7686952588497672,False
71,84,-0.007261037283316275,,,0.7686989835547902,False
71,85,-0.016788284759608828,,,0.7687238626075444,False
71,86,-0.009494292465044463,,,0.7686860017092807,False
71,87,-0.013859388616622509,,,0.7686961718186659,False
71,88,-0.010846908125650076,,,0.7686905275380097,False
71,89,-0.0075481399935235765,,,0.768700697647395,False
71,90,-0.0033129050251581235,,,0.7686917084151609,False
71,91,0.012162327977572052,,,0.768696509955295,False
71,92,0.0007038304600944434,,,0.7686943328756134,False
71,93,0.014209742582372741,,,0.7686958024694249,False
71,94,0.001274321591265828,,,0.7686939063032505,False
71,95,0.010080700458605861,,,0.7686984659456423,False
71,96,-0.0036571063913281685,,,0.7686954721359487,False
71,97,-0.0004664504613773532,,,0.7686963616953885,False
71,98,0.017463038934103673,,,0.7687106232579868,False
71,99,0.0044917967018525155,,,0.768697399514735,False
72,73,-0.012771613935786266,,,0.7687096504649151,False
72,74,-0.004363962439818325,,,0.768696957336066,False
72,75,-0.015295411790452284,,,0.7686979171238827,False
72,76,-0.0050235459098600735,0.1440312818396741,0.14905482774953416,0.7686987208486397,True
72,77,0.01641903505479432,,,0.7687082484984294,False
72,78,-0.010628221824315155,,,0.7687085268108859,False
72,79,0.058369459538852295,0.1182300939801363,0.059860634441284005,0.768789057950701,True
72,80,-0.0015465370726010568,,,0.768696520359499,False
72,81,0.018820169695314484,,,0.7686920049349741,False
72,82,-0.010012342437836235,-0.0011792146529771,0.008833127784859136,0.7686878042376192,True
72,83,-0.026499282786366773,,,0.7687270931128787,False
72,84,0.003570644065829841,,,0.7686914665174184,False
72,85,-0.0024377235922002378,,,0.7686970639791567,False
72,86,0.02445670158143161,,,0.7687202367424594,False
72,87,-0.01348712822101731,,,0.7687022868895521,False
72,88,-0.030188165970517516,,,0.7687340535253376,False
72,89,-0.006148265123810061,,,0.7687017094562314,False
72,90,-0.033037969515795004,,,0.7687648525701538,False
72,91,-0.011542990553082949,,,0.7687075202041513,False
72,92,0.002526219929080824,,,0.7686932118226352,False
72,93,-0.01285794503898375,,,0.7687060402061358,False
72,94,-0.008563298051098603,,,0.7687043729324489,False
72,95,0.0072459837443719696,,,0.7686949701331067,False
72,96,-0.0034819730018879804,,,0.7687001774371963,False
72,97,0.024389510612529784,,,0.7686849040657613,False
72,98,-0.02013226079119455,,,0.7687012880859705,False
72,99,-0.0025249503182170775,,,0.7687003152928988,False
73,74,-0.009746022881573588,,,0.7686983671057045,False
73,75,0.003961337895251684,,,0.7687014285427242,False
73,76,0.0057913130069893,,,0.768695313471838,False
73,77,0.019214742723479693,0.0589204458008751,0.039705703077395404,0.7687080690259109,True
73,78,-0.005952142951857868,,,0.7686962134354819,False
73,79,-0.011974008921354322,,,0.7687127066998327,False
73,80,-0.04033071334403992,-0.182175184834545,0.14184447149050508,0.7687817698058166,True
73,81,0.014163862386216699,,,0.7686875181220101,False
73,82,0.007882728594969652,,,0.768699865311077,False
73,83,0.016012953132184742,,,0.7686970275644429,False
73,84,0.0014184653661092166,,,0.7686945617681008,False
73,85,-0.025170153366762024,,,0.7687527186672682,False
73,86,-0.009404882827763278,,,0.7686925953735496,False
73,87,-0.03151342915192557,,,0.7687730536839368,False
73,88,-0.004333881055316355,,,0.7686921167801669,False
73,89,-0.013657538246610541,,,0.7687116506731293,False
73,90,-0.01964500700302779,,,0.7686803288170634,False
73,91,0.0035180551092366657,,,0.7686964605353263,False
73,92,-0.006328600012061732,,,0.7687028018976487,False
73,93,0.006846306337350636,,,0.7686968819055872,False
73,94,-0.011664153941051164,,,0.7687033351131024,False
73,95,0.005307995498594024,,,0.7686947724532313,False
73,96,0.005939611996101832,,,0.7686954643327957,False
73,97,-0.004182785667708223,,,0.7687010852039929,False
73,98,-0.008527375071452209,,,0.7686901789971765,False
73,99,-0.011443091302340573,-0.070924044012479,0.059480952710138424,0.7686976258061714,True
74,75,-0.00047273429573050306,,,0.7686944109071432,False
74,76,0.008008390663045869,,,0.768694509747081,False
74,77,-0.01933564668366742,,,0.7686986948381297,False
74,78,-0.01639365148820611,,,0.768708417566744,False
74,79,0.019193503561233567,0.0499838833559128,0.030790379794679232,0.7686895339365302,True
74,80,-0.017785680481840642,,,0.7687164392080088,False
74,81,-0.0057807215518030615,,,0.7686963747006434,False
74,82,0.009043540923309447,,,0.7687108261399642,False
74,83,-0.004566094823611838,,,0.7687004219359895,False
74,84,-0.006278562723313341,,,0.7687034079425304,False
74,85,-0.01508191500198744,,,0.7687250252773388,False
74,86,0.006839815629190265,,,0.7686959819419433,False
74,87,-0.012166555065669993,,,0.7687023987347448,False
74,88,-0.007960393056007991,,,0.7686980263680244,False
74,89,-0.032464635638239994,,,0.7687528903366339,False
74,90,-0.02295531242861123,-0.2763774275309825,0.2534221151023713,0.7686715554720619,True
74,91,-0.024010797353136836,,,0.7687177839513722,False
74,92,-0.006675018912627482,,,0.7687031452363798,False
74,93,-0.02714612174520899,,,0.7687194200124473,False
74,94,-0.009366259096353703,0.1018875707775902,0.1112538298739439,0.7687050335994015,True
74,95,-0.009887820419209499,,,0.7687029709659634,False
74,96,-0.022881705554211807,-0.0845971931430879,0.0617154875888761,0.76871874634024,True
74,97,-0.0005340480119354618,,,0.7686962836638586,False
74,98,0.007391979363322809,,,0.7686965723805189,False
74,99,0.001141560390470437,,,0.768694564369152,False
75,76,0.004788511493748315,,,0.76870063262112,False
75,77,0.001976519353713891,,,0.7686953680939089,False
75,78,0.00506370484638144,,,0.7687020527949627,False
75,79,-0.0009281340186834443,,,0.7686949779362597,False
75,80,0.0014806499499751928,,,0.7686956568105692,False
75,81,-0.02694018820922479,,,0.7687198179732494,False
75,82,0.00222649850603031,,,0.7686999459436578,False
75,83,-0.0015093901283894443,,,0.7686945721723049,False
75,84,0.011923570244382748,,,0.7687011060124008,False
75,85,0.0072326078514625605,,,0.7686965879868248,False
75,86,-0.00707080501400268,,,0.7686803704338792,False
75,87,0.005078739442942431,,,0.7686937580433437,False
75,88,-0.007872658788027297,,,0.7686918072550987,False
75,89,0.021546378302411053,,,0.768724039479012,False
75,90,-0.01023287972766348,,,0.768678060700597,False
75,91,0.018475791865417673,,,0.768709658268068,False
75,92,0.001158349772431259,0.0839794218249538,0.08282107205252254,0.7686962862649096,True
75,93,0.015976042947169613,,,0.768718324969979,False
75,94,0.028131312520195864,,,0.7687367039963002,False
75,95,0.013030776656688428,0.0577083625279586,0.04467758587127017,0.7687180908753896,True
75,96,0.005999214729903855,,,0.7687016834457215,False
75,97,0.005193282194871017,,,0.7686979405333416,False
75,98,0.013730250338677235,,,0.7687116168594663,False
75,99,0.03276088877796821,,,0.7687727181483587,False
76,77,0.02114478068595605,,,0.7687147745353727,False
76,78,0.0003534172098775606,,,0.7686948816973731,False
76,79,0.008284235822017233,,,0.768691172598656,False
76,80,-0.010666538421040138,,,0.7687072262853889,False
76,81,-0.006155393024346084,,,0.7686980757879933,False
76,82,-0.0015021718513646386,,,0.76869120901337,False
76,83,0.004305025692727699,,,0.7686953810991638,False
76,84,0.010366380967852872,,,0.7686874921115,False
76,85,-0.005381022940669055,,,0.7687026068188242,False
76,86,0.003289187089959761,,,0.7686978156828939,False
76,87,-0.013866757179618196,,,0.768708479991968,False
76,88,0.0006454570151306735,,,0.7686955631727334,False
76,89,-0.002119487545676723,,,0.7686962446480936,False
76,90,0.004835267281199878,,,0.7686983020794298,False
76,91,0.03267706820988712,,,0.7687198465848104,False
76,92,0.007155738543243317,,,0.7686955631727335,False
76,93,0.013586281895453332,0.0543583971357356,0.040772115240282264,0.7686965489710601,True
76,94,0.010610233414478405,,,0.7686903870812559,False
76,95,0.026803533140113044,0.1134295805155804,0.08662604737546736,0.7687155990685376,True
76,96,0.014418299172826726,,,0.7686960365640142,False
76,97,-0.007339195031654219,,,0.7687028617218217,False
76,98,0.014941203783111277,,,0.7687066358468134,False
76,99,0.0021237939366925505,-0.1267781692201276,0.12890196315682015,0.7686959377240764,True
77,78,0.007639781499310591,,,0.7686975945935595,False
77,79,-0.02628039961112745,,,0.7687256157159142,False
77,80,-0.026181426720711904,,,0.768699792481649,False
77,81,0.027876080720914534,0.0080021970155094,0.019873883705405132,0.7687217973730556,True
77,82,0.016799907904383255,,,0.7687316891699845,False
77,83,0.019808422678432906,,,0.7687203095718871,False
77,84,-0.015439514728919248,,,0.7686917006120078,False
77,85,0.0075474502564317775,,,0.7686906575905594,False
77,86,0.02630574838111966,,,0.7687413936912418,False
77,87,-0.004730015918452288,,,0.7686993893187449,False
77,88,0.02077112155968135,,,0.7687185330540585,False
77,89,0.009531075295405846,,,0.7687030073806773,False
77,90,-0.01430340291336483,,,0.7686780034774752,False
77,91,0.021740665945350093,,,0.7687203303802952,False
77,92,0.002307902749304218,,,0.7686951339993195,False
77,93,-8.56004709485174e-06,,,0.7686949883404638,False
77,94,-0.001745710528474019,,,0.7686954721359486,False
77,95,0.004569039661306024,-0.2070398570047901,0.21160889666609614,0.7686937242296807,True
77,96,-0.022284170853364503,,,0.7687074837894373,False
77,97,-0.007464080321420593,,,0.7687018004930163,False
77,98,-0.012367817997465693,,,0.7686979093207297,False
77,99,-0.03678539666691412,,,0.76880504921221,False
78,79,0.0071372666423545825,,,0.7686896613880287,False
78,80,-0.008930345920543554,,,0.7687064979911109,False
78,81,-0.0116023902149162,,,0.7687101680740629,False
78,82,-0.0005784469454950848,,,0.7686937866549046,False
78,83,-0.007190656722165879,,,0.7687006300200689,False
78,84,0.0015147856306205985,,,0.7686935811718763,False
78,85,0.00032039386019982324,,,0.7686939583242703,False
78,86,0.007407857301003544,,,0.7686989055232601,False
78,87,-0.008259141846121004,,,0.768699014767402,False
78,88,-0.004263254932507209,,,0.7686932508384,False
78,89,-0.0033739621658656883,,,0.7686980185648715,False
78,90,0.0013037741065450165,,,0.7686961978291759,False
78,91,0.009596954649285509,0.0106321709028137,0.0010352162535281918,0.768694881697373,True
78,92,0.00862494692601971,,,0.7686874608988881,False
78,93,-0.012352537397610153,,,0.7687041284336555,False
78,94,0.00954548647205718,,,0.7686862826227879,False
78,95,0.015940352768312245,,,0.768692405496827,False
78,96,-0.002004936054121196,,,0.7686965047531932,False
78,97,-0.0021001319921706936,,,0.7686976440135282,False
78,98,0.007441472956728045,,,0.7686952302382062,False
78,99,-0.0010569163904422633,,,0.7686946944217016,False
79,80,-0.025612637647205314,,,0.7686984685466933,False
79,81,0.004756530787918937,,,0.7686880097206479,False
79,82,-0.009860394708899288,,,0.7686985049614072,False
79,83,-0.0368165538145951,,,0.7687288384180955,False
79,84,0.06764270482353578,0.1369430218600946,0.06930031703655883,0.7687767601816029,True
79,85,-0.010556746549725883,,,0.7687123841695095,False
79,86,-0.0027053822311028167,-0.0467176591655718,0.044012276934468984,0.7686961822228698,True
79,87,0.050470987629849036,0.0550367762756144,0.004565788645765366,0.768754487381944,True
79,88,-0.00039206680614157705,,,0.7686958909051586,False
79,89,-0.026492863590630016,,,0.768718304161571,False
79,90,-0.010601318107691117,,,0.7687099833994424,False
79,91,0.009624297699508465,,,0.7686944499229081,False
79,92,0.02574735992252874,0.1858487122024078,0.16010135227987907,0.7686728247849467,True
79,93,0.008985909592772009,,,0.7686830026974849,False
79,94,0.013292299297302274,,,0.7686872294053496,False
79,95,0.0053514120713489535,,,0.7686890033221273,False
79,96,0.0015428690190178503,,,0.7686928398723429,False
79,97,0.00663539361381265,,,0.768688282831002,False
79,98,0.010570273728243007,,,0.7686930609616774,False
79,99,0.023485312902188207,,,0.7687196567080877,False
80,81,0.020327881453465292,,,0.7686827165818756,False
80,82,0.018341163909334206,,,0.7687226193051696,False
80,83,-0.01339538454556899,,,0.7687164366069575,False
80,84,-0.003468745710066394,,,0.7686946632090896,False
80,85,-0.010527328618330794,,,0.7687139369969527,False
80,86,0.008321345116322262,,,0.7686958778999036,False
80,87,-0.03128148535402449,,,0.7687169724234624,False
80,88,-0.010346692857862605,,,0.7687091588662773,False
80,89,-0.00015135391274207627,0.0707049138965768,0.07085626780931886,0.7686951652119313,True
80,90,0.0019031654125472638,,,0.7686917552340786,False
80,91,-0.014133783781989786,,,0.7687052624918888,False
80,92,-0.017616507739164088,,,0.7687280190870325,False
80,93,-0.007217144752358269,,,0.7687025235851925,False
80,94,-0.013731272217125572,,,0.7687209832440945,False
80,95,-0.005545622638656704,,,0.7687025417925494,False
80,96,-0.026017055994768903,,,0.7687131358732467,False
80,97,-0.030095451198790785,,,0.7687535874183001,False
80,98,0.010240348293557666,,,0.7686909072914547,False
80,99,0.05725206437377149,0.1456068175217456,0.0883547531479741,0.7687156510895574,True
81,82,0.004521651748610845,,,0.7687048021058629,False
81,83,-0.002822561723211969,,,0.768697742853466,False
81,84,-0.044682142579128864,-0.1375665877958133,0.09288444521668443,0.7687898746807129,True
81,85,0.0017245895426103441,,,0.7686929881322496,False
81,86,-0.0277159365082029,,,0.768729806009065,False
81,87,-0.03212372371581022,-0.1663729260771967,0.1342492023613865,0.7687619237867349,True
81,88,0.0072245007682124225,,,0.7686951886213904,False
81,89,0.005514617474436885,,,0.7686934719277345,False
81,90,0.019027701162394203,,,0.7687073433326838,False
81,91,-0.00047959970919924863,,,0.768695284860277,False
81,92,-0.0060491464967040234,,,0.768701477962693,False
81,93,0.01618183768176166,,,0.7686900541467288,False
81,94,-0.018434838645659007,,,0.7687365011143227,False
81,95,-0.0032533950673794085,,,0.7686979249270357,False
81,96,0.029829732400744206,,,0.7687038319138422,False
81,97,0.015070666439736998,,,0.7686939791326782,False
81,98,0.03320605827038371,,,0.7687447308396668,False
81,99,0.02954609234268079,0.0493562971740386,0.019810204831357814,0.7686978208849958,True
82,83,-0.023737507808312616,,,0.7687159241999117,False
82,84,0.009107066092524872,,,0.7687100276173092,False
82,85,-0.0034512382645758184,,,0.7686925719640907,False
82,86,0.009381445178633237,,,0.7687118587572087,False
82,87,-0.01942409574311942,,,0.7686799958825362,False
82,88,-0.0158545896336051,,,0.7686859887040257,False
82,89,-0.022505157803612525,,,0.7686800192919953,False
82,90,0.006645057944647646,,,0.7687058295210054,False
82,91,-0.024828411616254972,,,0.768696567178417,False
82,92,0.008589264478270802,,,0.7687108625546781,False
82,93,-0.004788785524335313,,,0.7686887484191298,False
82,94,0.00797344798811777,,,0.7687114243816927,False
82,95,0.0023394773309235173,,,0.7686995895996717,False
82,96,0.0018412965440252425,,,0.7686990537831668,False
82,97,-0.002565506529045623,,,0.768693646198151,False
82,98,0.007551649081689148,0.0484203209877408,0.04086867190605165,0.7687057254789657,True
82,99,-0.006459602123273433,,,0.7686855829400707,False
83,84,0.03339110482905037,,,0.7686824226631134,False
83,85,-0.0049973570714965145,,,0.7687081808711037,False
83,86,0.006282465947903198,,,0.76869613020185,False
83,87,-0.014394227333686473,,,0.76870675809621,False
83,88,0.010119234704441024,,,0.7687059725788101,False
83,89,-0.008614768373628831,,,0.7686995739933657,False
83,90,-0.007939813260636652,,,0.7686795250923064,False
83,91,0.003011777166415019,,,0.7686922208222066,False
83,92,0.008468496278603448,,,0.7686920751633508,False
83,93,0.019812300644858727,,,0.7687036888560375,False
83,94,0.0058349886349271,,,0.7686866441688761,False
83,95,-0.006594971090316116,,,0.7686997378595782,False
83,96,-0.009290321839004422,,,0.7687018187003731,False
83,97,0.0020044618677423553,,,0.76869283206919,False
83,98,0.004418977273155666,,,0.7686993477019293,False
83,99,-0.0019936223557581265,,,0.768695316072889,False
84,85,0.004099911178679766,,,0.7686890267315863,False
84,86,-0.02593192676233072,,,0.7687319674824408,False
84,87,0.004103969796327145,,,0.7686944239123982,False
84,88,-0.015678357911623794,,,0.7687144702124065,False
84,89,-0.02652831946730569,,,0.7687618353510011,False
84,90,0.013688401776894427,,,0.7687195136502832,False
84,91,0.004996279516905698,,,0.7686897862384765,False
84,92,-0.005511665662984031,0.006620974125928,0.01213263978891203,0.7686997170511702,True
84,93,0.0029496362351375373,,,0.7686923092579404,False
84,94,-0.02909441909436753,,,0.7687531400375293,False
84,95,-0.007612089695574026,,,0.7687078817502394,False
84,96,-0.005642308638734607,,,0.7687063107154394,False
84,97,0.003656827719974992,,,0.7686924471136432,False
84,98,0.009094814193595637,,,0.7686942314346247,False
84,99,0.006938929972543336,,,0.768692871084955,False
85,86,-0.006234040987835357,,,0.7687000968046154,False
85,87,-0.04459198972535203,,,0.7688442392475316,False
85,88,-0.020762880118723327,,,0.7687278526197688,False
85,89,-0.008286625580966689,0.0146266587008448,0.02291328428181149,0.7687058425262605,True
85,90,0.013372682916260141,,,0.768708084632217,False
85,91,-0.010280687794953386,-0.1259133565093867,0.11563266871443331,0.7687170088381762,True
85,92,0.008277773983029825,-0.0113708042753031,0.019648578258332924,0.7686745726912145,True
85,93,0.0029697296932104716,,,0.7686886547812942,False
85,94,0.005272241427391312,-0.0379259435592566,0.04319818498664792,0.7686843422387467,True
85,95,0.013385540739088094,,,0.7686688165653655,False
85,96,-0.023156058711431556,,,0.7687689102097037,False
85,97,-0.011932086574161792,,,0.7687335905382608,False
85,98,-0.0025978072057411426,,,0.7686985023603562,False
85,99,-0.001423125759843413,,,0.7686954201149288,False
86,87,-0.009972568329001353,,,0.7686905509474685,False
86,88,-0.04895119533822746,-0.140550246313213,0.09159905097498554,0.7687792884031687,True
86,89,-0.009484912102492525,,,0.7686952276371553,False
86,90,-0.005008800454622755,,,0.7686889513011075,False
86,91,-0.0036480745760409366,,,0.768694085775769,False
86,92,0.011486706288438614,,,0.768705993387218,False
86,93,0.00800415200195889,,,0.7686971602180437,False
86,94,0.00437741432992415,0.0201152536844299,0.01573783935450575,0.7686967960709044,True
86,95,0.008798286773065257,,,0.7687025990156713,False
86,96,-0.026090819568418626,,,0.7686991110062886,False
86,97,-0.0031367688676121885,,,0.7686989263316683,False
86,98,-0.021185425818998876,,,0.7686950559677896,False
86,99,-0.018933421510206137,,,0.768693230029992,False
87,88,0.0013917736222164943,,,0.7686949649310049,False
87,89,-0.012122144397877364,,,0.7686976154019673,False
87,90,-0.03623443217031829,,,0.7687303028098048,False
87,91,0.002297657770487462,,,0.7686920595570451,False
87,92,-0.01885224338384085,,,0.7687266457321078,False
87,93,-0.007936862502549024,,,0.7687038397169952,False
87,94,-0.0274612300982364,,,0.7687310024925222,False
87,95,-0.02072883569725021,,,0.7687283728299674,False
87,96,-0.019400634218118648,,,0.7687419503161546,False
87,97,-0.004154506752948529,,,0.7686991526231047,False
87,98,-0.004729707740091953,,,0.7686984763498463,False
87,99,-0.022453978726556925,,,0.7687158461683821,False
88,89,0.006907111694838595,,,0.7686979977564635,False
88,90,0.020251075589194145,,,0.7687225698852006,False
88,91,0.0004233760240456774,,,0.7686954487264896,False
88,92,0.005826351595020181,-0.0293150534747841,0.03514140506980428,0.7686989029222093,True
88,93,-0.0059909188123229516,,,0.7686954435243876,False
88,94,0.015806418147366576,,,0.768706412156428,False
88,95,-0.0019394722248599547,,,0.7686939089043014,False
88,96,0.007530830846932724,,,0.7687049399615656,False
88,97,-0.03064350722394808,,,0.7687441325979381,False
88,98,0.002544129952592719,,,0.7686950325583307,False
88,99,-0.020965230316940274,,,0.7687147589290666,False
89,90,0.007835568574815521,,,0.7686959611335356,False
89,91,-0.009312150877055024,,,0.7686967336456805,False
89,92,0.012644544623631388,,,0.768689180193595,False
89,93,0.00288526616311479,,,0.7686912584333387,False
89,94,0.00945956569418725,,,0.7686882178047273,False
89,95,0.003524155042111412,,,0.7686921922106456,False
89,96,0.0013092910016969522,0.0526177201664693,0.05130842916477235,0.7686932950562668,True
89,97,-0.00040274121890146106,,,0.7686959715377395,False
89,98,0.001425612357863192,,,0.768693667006559,False
89,99,0.015089177335516629,,,0.7686796863574679,False
90,91,0.0009172195746169204,,,0.7686954929443565,False
90,92,0.008033402497141849,,,0.7686991370167988,False
90,93,-0.0013056360451944166,,,0.7686955267580196,False
90,94,0.004147960901783586,,,0.768692436709439,False
90,95,0.004163968786292594,,,0.7686984789508973,False
90,96,-0.011486191976855643,,,0.7686969027139952,False
90,97,-0.023632014101634954,,,0.768695727038946,False
90,98,-0.00849123322890821,,,0.7686868652582106,False
90,99,0.0036132449548891363,,,0.7686952484455631,False
91,92,0.006305154217329042,,,0.7686902024066353,False
91,93,0.016404005910278855,,,0.7686886287707843,False
91,94,0.00281696343341023,,,0.7686920803654529,False
91,95,-0.00217892924427098,,,0.7686954851412036,False
91,96,0.0034885445242437956,,,0.768694473332367,False
91,97,0.013766391518927177,,,0.7686907148136812,False
91,98,0.009977493908469161,,,0.7686948192721493,False
91,99,-0.010734603915894082,,,0.7686927826492211,False
92,93,0.0074164129205005385,,,0.7686852213939824,False
92,94,0.008692376357694511,,,0.7686840067031686,False
92,95,0.04129854949915275,,,0.7686723357873599,False
92,96,0.016384431149813035,0.1841543323175179,0.16776990116770488,0.768684636157509,True
92,97,-0.005902536940802841,,,0.7687093799556117,False
92,98,0.013159707462372116,,,0.7687013036922765,False
92,99,0.006232732117840924,,,0.7686964371258673,False
93,94,0.018528948065534297,,,0.7686806695547437,False
93,95,0.011254164462998092,,,0.7686916693993958,False
93,96,0.005082617140746578,,,0.7686910113334944,False
93,97,0.001159970808930876,,,0.7686929699248928,False
93,98,0.022879636707919995,,,0.7687197425427705,False
93,99,-0.009643902460095725,,,0.7686972564569302,False
94,95,0.010714812016703885,,,0.7686893128471955,False
94,96,0.002448859642135162,,,0.7686924679220511,False
94,97,-0.004341594241497293,,,0.7686977324492621,False
94,98,0.013245401973210048,,,0.7687002294582159,False
94,99,0.015621879355748896,,,0.7686954279180818,False
95,96,0.006333224627138597,,,0.7686911309818402,False
95,97,-0.004453471282584448,,,0.7687022634800931,False
95,98,0.020495623513869358,,,0.7687142257136131,False
95,99,-0.0007768042680344131,,,0.7686954487264896,False
96,97,-0.041368956558768655,,,0.7687692093305681,False
96,98,-0.0024553944606950442,,,0.7686941482009928,False
96,99,-0.010382278283560866,-0.1347208800652128,0.12433860178165193,0.7687053587307755,True
97,98,-0.015182133072022286,,,0.7687031296300739,False
97,99,0.00957291275255553,,,0.7686873672610522,False
98,99,0.14348984080887095,0.2950001393628508,0.15151029855397985,0.7693940233960634,True
